date,China_Stress_Index
2015-01-02,
2015-01-05,
2015-01-06,
2015-01-07,
2015-01-08,-0.4336289608587805
2015-01-09,-0.4325364257117522
2015-01-12,-0.4355423992231877
2015-01-13,-0.44606308624172863
2015-01-14,-0.4307481864843483
2015-01-15,-0.37179388342569325
2015-01-16,-0.33459518149316253
2015-01-19,-0.3157923259500469
2015-01-20,-0.3096523981496331
2015-01-21,-0.32527107338736627
2015-01-22,-0.38173001531103645
2015-01-23,-0.41275130288285367
2015-01-26,-0.4584986825314954
2015-01-27,-0.48357977401753505
2015-01-28,-0.4570713297108265
2015-01-29,-0.42734707308456193
2015-01-30,-0.3824613053971048
2015-02-02,-0.3467029986295279
2015-02-03,-0.3480334577285239
2015-02-04,-0.3764567754659512
2015-02-05,-0.39685828549753693
2015-02-06,-0.44095879068507127
2015-02-09,-0.45089632952729686
2015-02-10,-0.4512757000621164
2015-02-11,-0.46334489266880413
2015-02-12,-0.47908572010830897
2015-02-13,-0.5027248348268255
2015-02-16,-0.5428000716896839
2015-02-17,-0.5695678958754055
2015-02-18,-0.5978009445621025
2015-02-19,-0.6080990397946449
2015-02-20,-0.6257750578309995
2015-02-23,-0.639010739077465
2015-02-24,-0.6738757572303102
2015-02-25,-0.7040428962008795
2015-02-26,-0.7380656009541611
2015-02-27,-0.7609457187312497
2015-03-02,-0.7882744100730817
2015-03-03,-0.7910157337668682
2015-03-04,-0.7932892726392942
2015-03-05,-0.7984429101151889
2015-03-06,-0.798344023962127
2015-03-09,-0.7963849122848887
2015-03-10,-0.7832501182789093
2015-03-11,-0.7728861241262663
2015-03-12,-0.7669036293731124
2015-03-13,-0.7653609672721572
2015-03-16,-0.7682490931065886
2015-03-17,-0.7734108262709276
2015-03-18,-0.778054494546198
2015-03-19,-0.7486952453788793
2015-03-20,-0.7169359416621808
2015-03-23,-0.6762851298332792
2015-03-24,-0.6424018759472389
2015-03-25,-0.6026218670995489
2015-03-26,-0.5850420791331341
2015-03-27,-0.5749430778425378
2015-03-30,-0.5756518197694541
2015-03-31,-0.5749589601875383
2015-04-01,-0.5764406587922766
2015-04-02,-0.5818285833567798
2015-04-03,-0.584374349719371
2015-04-06,-0.5795366610877059
2015-04-07,-0.5792962423023139
2015-04-08,-0.5897403092357096
2015-04-09,-0.6014232589942667
2015-04-10,-0.6123992287344084
2015-04-13,-0.6127872701565626
2015-04-14,-0.6138784259816246
2015-04-15,-0.620015930520839
2015-04-16,-0.6250363588755155
2015-04-17,-0.6417894488963508
2015-04-20,-0.6769750981929644
2015-04-21,-0.7205186386991705
2015-04-22,-0.7593591887526834
2015-04-23,-0.796049600906151
2015-04-24,-0.8217517957193516
2015-04-27,-0.8094202851479138
2015-04-28,-0.7960336524540261
2015-04-29,-0.7701821596457694
2015-04-30,-0.7317997161269982
2015-05-01,-0.7111609269592232
2015-05-04,-0.7191087581338114
2015-05-05,-0.7129453617704057
2015-05-06,-0.7098747983699345
2015-05-07,-0.7107407013717092
2015-05-08,-0.7122719171974687
2015-05-11,-0.7155255941254395
2015-05-12,-0.7334299997387104
2015-05-13,-0.754048496323689
2015-05-14,-0.7828611056344981
2015-05-15,-0.7949567941126474
2015-05-18,-0.80606604354185
2015-05-19,-0.8108417635818445
2015-05-20,-0.8153526102991956
2015-05-21,-0.8185045021213035
2015-05-22,-0.819493996688595
2015-05-25,-0.8186355280436629
2015-05-26,-0.8153646549036141
2015-05-27,-0.8249735045665251
2015-05-28,-0.8359431556596839
2015-05-29,-0.8445925664434689
2015-06-01,-0.8579510218516866
2015-06-02,-0.8790511090919833
2015-06-03,-0.8982174201054394
2015-06-04,-0.9064752055775605
2015-06-05,-0.9292623305222267
2015-06-08,-0.9367250081862262
2015-06-09,-0.9438393987456115
2015-06-10,-0.9515472330481787
2015-06-11,-0.9622517862360922
2015-06-12,-0.9581665888265999
2015-06-15,-0.9558831388050066
2015-06-16,-0.945828316179196
2015-06-17,-0.9287266462580156
2015-06-18,-0.9339628526229212
2015-06-19,-0.9366260353466604
2015-06-22,-0.962520788910528
2015-06-23,-0.9989310537969915
2015-06-24,-1.0241996199209022
2015-06-25,-1.0304263860311529
2015-06-26,-1.0470281582428078
2015-06-29,-1.0123368215850372
2015-06-30,-0.9662554708275675
2015-07-01,-0.9430994115111384
2015-07-02,-0.918879199388002
2015-07-03,-0.8912344329087345
2015-07-06,-0.8954674913944111
2015-07-07,-0.9109921848279925
2015-07-08,-0.8822924043366889
2015-07-09,-0.8595948542966176
2015-07-10,-0.8563940920941441
2015-07-13,-0.8798208159782309
2015-07-14,-0.8977386061076272
2015-07-15,-0.9440685526414934
2015-07-16,-0.9940294379838136
2015-07-17,-1.0257135244922313
2015-07-20,-1.0339190835937013
2015-07-21,-1.0392822027548827
2015-07-22,-1.0423034946552459
2015-07-23,-1.029452007392016
2015-07-24,-1.0134438577559484
2015-07-27,-0.9870909777818847
2015-07-28,-0.9766531614664231
2015-07-29,-0.9857064381558593
2015-07-30,-1.0084773330555747
2015-07-31,-1.0318630872508199
2015-08-03,-1.0626563855196745
2015-08-04,-1.0811921027507854
2015-08-05,-1.0860339097033718
2015-08-06,-1.0645974496213875
2015-08-07,-1.0468511416217985
2015-08-10,-1.0643171949997465
2015-08-11,-0.8788879397468919
2015-08-12,-0.6689002729342854
2015-08-13,-0.4801979141052134
2015-08-14,-0.2888289422403261
2015-08-17,-0.06319497019697426
2015-08-18,-0.02584740694316633
2015-08-19,0.008845981799449098
2015-08-20,0.08351920333796704
2015-08-21,0.21716102945738908
2015-08-24,0.4268931276124414
2015-08-25,0.5842358520746371
2015-08-26,0.6833654004132936
2015-08-27,0.7093185235640147
2015-08-28,0.6852718776407931
2015-08-31,0.6010333948636841
2015-09-01,0.5882524353700148
2015-09-02,0.5798880908395119
2015-09-03,0.603450390545557
2015-09-04,0.6377046950579066
2015-09-07,0.6526598843632638
2015-09-08,0.5996007608994877
2015-09-09,0.5023481147402707
2015-09-10,0.341841026895035
2015-09-11,0.14256280168085628
2015-09-14,-0.055188195627630145
2015-09-15,-0.23307966317146636
2015-09-16,-0.3336511800495123
2015-09-17,-0.3572795298583716
2015-09-18,-0.35199721037481835
2015-09-21,-0.36873144902164207
2015-09-22,-0.34865440212681614
2015-09-23,-0.3340605196215982
2015-09-24,-0.3243309469002934
2015-09-25,-0.31679785661030835
2015-09-28,-0.26853328402447796
2015-09-29,-0.24831873225050272
2015-09-30,-0.23344390426798522
2015-10-01,-0.24302432719039163
2015-10-02,-0.27428392434459
2015-10-05,-0.3455338281917263
2015-10-06,-0.4059608095453511
2015-10-07,-0.4620476688677112
2015-10-08,-0.5151846486778682
2015-10-09,-0.5607484963400687
2015-10-12,-0.5929724737970906
2015-10-13,-0.615466646653805
2015-10-14,-0.6212337046753692
2015-10-15,-0.6326641984608775
2015-10-16,-0.6429414506066197
2015-10-19,-0.6483840267720987
2015-10-20,-0.6580733631435504
2015-10-21,-0.6652547168914245
2015-10-22,-0.6694482043532419
2015-10-23,-0.6690126397218126
2015-10-26,-0.6634592204698191
2015-10-27,-0.6688340773194159
2015-10-28,-0.6910671599676596
2015-10-29,-0.7091428962662926
2015-10-30,-0.6908093501068154
2015-11-02,-0.6839934123713874
2015-11-03,-0.6665633466377751
2015-11-04,-0.6200486900132874
2015-11-05,-0.5615078153438311
2015-11-06,-0.5548257016569764
2015-11-09,-0.5117097745520784
2015-11-10,-0.48137935816267036
2015-11-11,-0.46696287573169554
2015-11-12,-0.4384151620233586
2015-11-13,-0.3774582177214424
2015-11-16,-0.3621503783189405
2015-11-17,-0.3319718284483606
2015-11-18,-0.3150263328536175
2015-11-19,-0.30326169623638893
2015-11-20,-0.3188776726059486
2015-11-23,-0.3218095699222957
2015-11-24,-0.3363616522687374
2015-11-25,-0.3533218750820618
2015-11-26,-0.3807866120342386
2015-11-27,-0.39122175022969763
2015-11-30,-0.4210249687261845
2015-12-01,-0.45497279378106814
2015-12-02,-0.46373911369808596
2015-12-03,-0.4674467224846556
2015-12-04,-0.5033682049571406
2015-12-07,-0.5165545878606894
2015-12-08,-0.5412770929914827
2015-12-09,-0.5614629091485739
2015-12-10,-0.578598215945896
2015-12-11,-0.5166686132955477
2015-12-14,-0.47502135409304336
2015-12-15,-0.4280189997028887
2015-12-16,-0.4250336809279113
2015-12-17,-0.3943625271433304
2015-12-18,-0.38366005630448596
2015-12-21,-0.3817788641306482
2015-12-22,-0.37447332016849655
2015-12-23,-0.3442512162969148
2015-12-24,-0.34523124769075714
2015-12-25,-0.37869594432527476
2015-12-28,-0.3713074426106971
2015-12-29,-0.37570383277792074
2015-12-30,-0.3629098481115278
2015-12-31,-0.3251446466601852
2016-01-01,-0.2873794452088426
2016-01-04,-0.2187532980043411
2016-01-05,-0.130693367476795
2016-01-06,-0.041425585574808174
2016-01-07,0.06159905884232224
2016-01-08,0.1801609693432586
2016-01-11,0.24133666209825888
2016-01-12,0.2908729030053995
2016-01-13,0.3418659966702046
2016-01-14,0.3307873053725443
2016-01-15,0.33422284789529416
2016-01-18,0.3533952083781134
2016-01-19,0.36712815033449175
2016-01-20,0.3750908547695051
2016-01-21,0.3878516859993921
2016-01-22,0.3331090064335433
2016-01-25,0.2915053119533361
2016-01-26,0.2525608201540898
2016-01-27,0.2015892080631531
2016-01-28,0.1547108124562354
2016-01-29,0.12939223611335543
2016-02-01,0.08502270538548211
2016-02-02,0.04144452043100786
2016-02-03,-0.00720989995181584
2016-02-04,-0.045135384329060495
2016-02-05,-0.07685819896565102
2016-02-08,-0.09065446559935192
2016-02-09,-0.09589667483404794
2016-02-10,-0.09732071771457043
2016-02-11,-0.0764868155401585
2016-02-12,-0.08527615008092367
2016-02-15,-0.1066632444721988
2016-02-16,-0.07533892407869576
2016-02-17,-0.055222759566155896
2016-02-18,-0.059513335311684165
2016-02-19,-0.02876234112509366
2016-02-22,-0.01351150729890272
2016-02-23,-0.02873930719702702
2016-02-24,-0.03813620897242072
2016-02-25,-0.05017721100571617
2016-02-26,-0.049597247222031446
2016-02-29,-0.030643253484138055
2016-03-01,-0.0526528351484508
2016-03-02,-0.07949517877266762
2016-03-03,-0.0733670593322764
2016-03-04,-0.07720129454945103
2016-03-07,-0.088140788712142
2016-03-08,-0.054269575101654
2016-03-09,-0.020605546321552114
2016-03-10,-0.02087693507429835
2016-03-11,-0.03328413135811975
2016-03-14,-0.039286855021037737
2016-03-15,-0.06531022108383353
2016-03-16,-0.12867153085754604
2016-03-17,-0.16327664705947492
2016-03-18,-0.18777953456563184
2016-03-21,-0.2195565294279452
2016-03-22,-0.2432111251969687
2016-03-23,-0.20818780411518523
2016-03-24,-0.19493476504811103
2016-03-25,-0.17818404630209828
2016-03-28,-0.15065063967323347
2016-03-29,-0.13128078760058515
2016-03-30,-0.10075966845844606
2016-03-31,-0.06929823642653354
2016-04-01,-0.038889297070145754
2016-04-04,-0.011304772254774758
2016-04-05,0.02290440213466386
2016-04-06,0.02428003792741579
2016-04-07,0.04195472779006797
2016-04-08,0.05387294944604175
2016-04-11,0.06815256418775642
2016-04-12,0.06459536975422464
2016-04-13,0.06514791723858959
2016-04-14,0.047419266250637596
2016-04-15,0.016054151596655186
2016-04-18,-0.02285984083545379
2016-04-19,-0.05024169712670915
2016-04-20,-0.07411712888545345
2016-04-21,-0.09577402872035128
2016-04-22,-0.09732157970683304
2016-04-25,-0.0983927254613329
2016-04-26,-0.10270320366972696
2016-04-27,-0.09787381477646163
2016-04-28,-0.0981360004221413
2016-04-29,-0.09907537953179853
2016-05-02,-0.11991664631599738
2016-05-03,-0.1282971382426592
2016-05-04,-0.1307545034000513
2016-05-05,-0.1341755274633898
2016-05-06,-0.14816013028242286
2016-05-09,-0.151859904747803
2016-05-10,-0.17553969298506253
2016-05-11,-0.19349546926242425
2016-05-12,-0.20857944767794745
2016-05-13,-0.2052586239291619
2016-05-16,-0.19231508125635347
2016-05-17,-0.16400591383003107
2016-05-18,-0.15537856408917067
2016-05-19,-0.14057995225257852
2016-05-20,-0.14485336224919423
2016-05-23,-0.15264001329688476
2016-05-24,-0.17851346587417966
2016-05-25,-0.1995731531627555
2016-05-26,-0.22158225891420363
2016-05-27,-0.24456087732256854
2016-05-30,-0.2612912502211614
2016-05-31,-0.2621709296444569
2016-06-01,-0.2541309823995251
2016-06-02,-0.24744638967042212
2016-06-03,-0.2258163829903111
2016-06-06,-0.2067661663716395
2016-06-07,-0.19366005166050698
2016-06-08,-0.1754859496349939
2016-06-09,-0.16984922573840505
2016-06-10,-0.15649254558744646
2016-06-13,-0.11496540811704017
2016-06-14,-0.07774894347644103
2016-06-15,-0.05003002555398499
2016-06-16,-0.02576092349029786
2016-06-17,-0.013934103089656924
2016-06-20,-0.03733793888659762
2016-06-21,-0.05502914866090645
2016-06-22,-0.05521567847249326
2016-06-23,-0.08136922588415371
2016-06-24,-0.014432163273661147
2016-06-27,0.06516196389534232
2016-06-28,0.1111520086932443
2016-06-29,0.12157371110264137
2016-06-30,0.16073629769087255
2016-07-01,0.10422847938370236
2016-07-04,0.03935657949834417
2016-07-05,0.02025131254086044
2016-07-06,0.012771599108555543
2016-07-07,0.005724602107485382
2016-07-08,0.0067139232666837325
2016-07-11,0.0021764569681903797
2016-07-12,-0.017295762873618656
2016-07-13,-0.0398409998701303
2016-07-14,-0.06251466450325285
2016-07-15,-0.08923574021588053
2016-07-18,-0.10844780009378611
2016-07-19,-0.12233408671693088
2016-07-20,-0.13239307312039095
2016-07-21,-0.12483588061195461
2016-07-22,-0.12017875504354196
2016-07-25,-0.12203713373172416
2016-07-26,-0.1309347105881838
2016-07-27,-0.1368162686412166
2016-07-28,-0.12964014538562713
2016-07-29,-0.12609678795925508
2016-08-01,-0.11962056833972681
2016-08-02,-0.09847572902771443
2016-08-03,-0.08659706030528676
2016-08-04,-0.09215572474611354
2016-08-05,-0.09655775186089824
2016-08-08,-0.09838762275241557
2016-08-09,-0.10058901594195613
2016-08-10,-0.08457097067633663
2016-08-11,-0.07482892002264678
2016-08-12,-0.0571861354859561
2016-08-15,-0.051263792428615715
2016-08-16,-0.04039758201566927
2016-08-17,-0.049954735120695884
2016-08-18,-0.06323251435687391
2016-08-19,-0.0656998974946126
2016-08-22,-0.04026983809778016
2016-08-23,-0.03370807099726902
2016-08-24,-0.009049493904065776
2016-08-25,0.01682836943334373
2016-08-26,0.03228047324842193
2016-08-29,0.028306416898691546
2016-08-30,0.030735749078497597
2016-08-31,0.017600852740186187
2016-09-01,0.009490244345780755
2016-09-02,-0.007988877862589875
2016-09-05,-0.020587701514894356
2016-09-06,-0.03661241889747528
2016-09-07,-0.05425000664222459
2016-09-08,-0.07096191553107356
2016-09-09,-0.04718047369608931
2016-09-12,-0.044099231675703475
2016-09-13,-0.025149917850146274
2016-09-14,0.009272390997835157
2016-09-15,0.04063675416296429
2016-09-16,0.035887324749292515
2016-09-19,0.04650097558083331
2016-09-20,0.04770733844761852
2016-09-21,0.04272277178020957
2016-09-22,0.03877966322016056
2016-09-23,0.03752902100016893
2016-09-26,0.03602901526838614
2016-09-27,0.014649032415068004
2016-09-28,-0.020360723775792115
2016-09-29,-0.03616437447693757
2016-09-30,-0.06259611539523793
2016-10-03,-0.08968644115969511
2016-10-04,-0.10904738496078843
2016-10-05,-0.11685680070185907
2016-10-06,-0.1506966859669641
2016-10-07,-0.1665424545161936
2016-10-10,-0.18202603555370742
2016-10-11,-0.13076747832645125
2016-10-12,-0.08044257530858305
2016-10-13,0.004579681560956955
2016-10-14,0.0684720363111403
2016-10-17,0.1327064731955728
2016-10-18,0.130568460701084
2016-10-19,0.12200218489012
2016-10-20,0.0840616854477418
2016-10-21,0.06535941182769506
2016-10-24,0.05034672585877235
2016-10-25,0.04489866688862191
2016-10-26,0.0554474307106696
2016-10-27,0.08484935988006896
2016-10-28,0.1133949875454849
2016-10-31,0.13691767884562242
2016-11-01,0.16512796257500678
2016-11-02,0.18716461313206514
2016-11-03,0.20824984670018667
2016-11-04,0.23214765654745562
2016-11-07,0.23131662644200485
2016-11-08,0.21270172391767264
2016-11-09,0.11564216053372008
2016-11-10,0.0007977914111018336
2016-11-11,-0.12431042641848442
2016-11-14,-0.2055619319243857
2016-11-15,-0.27179331896649156
2016-11-16,-0.24571568515978903
2016-11-17,-0.21138485478092503
2016-11-18,-0.17310970580442223
2016-11-21,-0.15763204719281326
2016-11-22,-0.15251347759920386
2016-11-23,-0.15956709298931734
2016-11-24,-0.1744500824943685
2016-11-25,-0.1803166036070032
2016-11-28,-0.16281541132441396
2016-11-29,-0.14308093382689477
2016-11-30,-0.12903182763853846
2016-12-01,-0.10617932199833749
2016-12-02,-0.09033410594505246
2016-12-05,-0.09986585170486101
2016-12-06,-0.1130613237290864
2016-12-07,-0.12555109505538303
2016-12-08,-0.14345812236153616
2016-12-09,-0.17666502060740544
2016-12-12,-0.18392953468336537
2016-12-13,-0.21248576529394264
2016-12-14,-0.2319419174667739
2016-12-15,-0.22908586866292852
2016-12-16,-0.2149014415599587
2016-12-19,-0.22406928393843337
2016-12-20,-0.20620087991959632
2016-12-21,-0.19584803003495363
2016-12-22,-0.21516552136530107
2016-12-23,-0.23509803585874572
2016-12-26,-0.24247301378295316
2016-12-27,-0.24521489374174993
2016-12-28,-0.24486163623297413
2016-12-29,-0.2212127061983704
2016-12-30,-0.1982995133560846
2017-01-02,-0.17527771574479262
2017-01-03,-0.1721713690540601
2017-01-04,-0.16282119585373792
2017-01-05,-0.14381248923424778
2017-01-06,-0.11868109171751022
2017-01-09,-0.08727357430384373
2017-01-10,-0.03967009309534394
2017-01-11,-0.001006870698318113
2017-01-12,0.03181740237169676
2017-01-13,0.04370403263120389
2017-01-16,0.046099836100089844
2017-01-17,0.06360644517537209
2017-01-18,0.0916459563611031
2017-01-19,0.11421682489722403
2017-01-20,0.1465407763609919
2017-01-23,0.18122323018713163
2017-01-24,0.194476817974291
2017-01-25,0.20247056908832187
2017-01-26,0.18955996776718528
2017-01-27,0.18411606917479925
2017-01-30,0.18539884008218935
2017-01-31,0.19057034397950728
2017-02-01,0.19161360302453745
2017-02-02,0.1912840749822171
2017-02-03,0.17368805224564365
2017-02-06,0.13982591893981616
2017-02-07,0.11029965489694757
2017-02-08,0.07928815192015888
2017-02-09,0.04594097467106007
2017-02-10,0.012014002404155361
2017-02-13,-0.006596712129281689
2017-02-14,-0.03432379392763916
2017-02-15,-0.07716286883727237
2017-02-16,-0.10258702541065448
2017-02-17,-0.12479906684555282
2017-02-20,-0.15193172041312053
2017-02-21,-0.17570661393477993
2017-02-22,-0.1800683512350846
2017-02-23,-0.19755191424884194
2017-02-24,-0.2004576919057997
2017-02-27,-0.19341362440057425
2017-02-28,-0.18209682155477247
2017-03-01,-0.19646767692090067
2017-03-02,-0.21979074971519647
2017-03-03,-0.259208656293213
2017-03-06,-0.31608182423914727
2017-03-07,-0.3810826527101514
2017-03-08,-0.4202105576627485
2017-03-09,-0.4445022336783076
2017-03-10,-0.45854984329745585
2017-03-13,-0.4811491184574754
2017-03-14,-0.48196269336415154
2017-03-15,-0.47757506554127005
2017-03-16,-0.47752148005145123
2017-03-17,-0.4721379046828906
2017-03-20,-0.45840073384786634
2017-03-21,-0.44304623979888164
2017-03-22,-0.43851843353896314
2017-03-23,-0.4302914551291462
2017-03-24,-0.43108326378938033
2017-03-27,-0.4220493047093794
2017-03-28,-0.4358855057869363
2017-03-29,-0.4496099770063108
2017-03-30,-0.4669922502935101
2017-03-31,-0.46197659515457834
2017-04-03,-0.46813954875602953
2017-04-04,-0.47226807183220093
2017-04-05,-0.46963080696422005
2017-04-06,-0.46425607479265907
2017-04-07,-0.4755445793319552
2017-04-10,-0.4688515411065823
2017-04-11,-0.449108628614988
2017-04-12,-0.42675142779377984
2017-04-13,-0.402170904818598
2017-04-14,-0.37278234418717177
2017-04-17,-0.36601475914413695
2017-04-18,-0.3697293329916302
2017-04-19,-0.3876118113294676
2017-04-20,-0.41042554353283317
2017-04-21,-0.4280486178929291
2017-04-24,-0.4613783339800994
2017-04-25,-0.5034053031658404
2017-04-26,-0.5413807104716499
2017-04-27,-0.5774138057459425
2017-04-28,-0.6080345529946245
2017-05-01,-0.6179689197612217
2017-05-02,-0.6172169949606243
2017-05-03,-0.624916774867839
2017-05-04,-0.6334886073295087
2017-05-05,-0.6630814255690181
2017-05-08,-0.6972495488895598
2017-05-09,-0.7296041173639918
2017-05-10,-0.7514192961197996
2017-05-11,-0.7610809313775426
2017-05-12,-0.7574330743231517
2017-05-15,-0.7469466302825067
2017-05-16,-0.736977240042637
2017-05-17,-0.685916131728491
2017-05-18,-0.6593450893031982
2017-05-19,-0.6446843152123641
2017-05-22,-0.6388446827163327
2017-05-23,-0.6339075162686789
2017-05-24,-0.6757013961683367
2017-05-25,-0.6927931072841138
2017-05-26,-0.6987389393682135
2017-05-29,-0.6896762824165054
2017-05-30,-0.675811211220753
2017-05-31,-0.6383234661161985
2017-06-01,-0.6125752307522271
2017-06-02,-0.5839206524676228
2017-06-05,-0.5506229346873898
2017-06-06,-0.5221963299608785
2017-06-07,-0.5217033257668817
2017-06-08,-0.5199797128028535
2017-06-09,-0.5171488685270407
2017-06-12,-0.5069070376411614
2017-06-13,-0.5050425300307683
2017-06-14,-0.4903692328486686
2017-06-15,-0.46522466787647127
2017-06-16,-0.457416690712907
2017-06-19,-0.45575243704837237
2017-06-20,-0.4322218821877506
2017-06-21,-0.40548515257760726
2017-06-22,-0.38000122182828816
2017-06-23,-0.3563597443550944
2017-06-26,-0.34821341208118023
2017-06-27,-0.34003545225249754
2017-06-28,-0.3524520341820181
2017-06-29,-0.39327436393554177
2017-06-30,-0.42341791003673335
2017-07-03,-0.4472702801460243
2017-07-04,-0.48579196623612686
2017-07-05,-0.5088018138636154
2017-07-06,-0.5033341595852727
2017-07-07,-0.5067269448033372
2017-07-10,-0.5093923659291718
2017-07-11,-0.5147054538791535
2017-07-12,-0.5216848571657791
2017-07-13,-0.5419366875368323
2017-07-14,-0.5552792017092263
2017-07-17,-0.5675514674117238
2017-07-18,-0.567629309412547
2017-07-19,-0.5820559523489648
2017-07-20,-0.6048160275962466
2017-07-21,-0.6239945607822478
2017-07-24,-0.6433566288185817
2017-07-25,-0.675569527652842
2017-07-26,-0.689884515054431
2017-07-27,-0.684592205163489
2017-07-28,-0.6706802719307486
2017-07-31,-0.6503998415487768
2017-08-01,-0.6365643888163299
2017-08-02,-0.6242070773170502
2017-08-03,-0.6178143392717198
2017-08-04,-0.61823332677087
2017-08-07,-0.6091595681409959
2017-08-08,-0.5917061409320628
2017-08-09,-0.5616798386556083
2017-08-10,-0.4872225818899391
2017-08-11,-0.40665348235522786
2017-08-14,-0.3599896400920226
2017-08-15,-0.31400414522698156
2017-08-16,-0.2792204651379537
2017-08-17,-0.25363879998160854
2017-08-18,-0.2538591785831457
2017-08-21,-0.24105418166400785
2017-08-22,-0.24030207104985193
2017-08-23,-0.23151644401044047
2017-08-24,-0.2664364707927261
2017-08-25,-0.28893997417583894
2017-08-28,-0.29087087233653597
2017-08-29,-0.27290410475029825
2017-08-30,-0.27195435522805933
2017-08-31,-0.26090123413274496
2017-09-01,-0.24301718324558905
2017-09-04,-0.24260533107533658
2017-09-05,-0.2308752367564006
2017-09-06,-0.23332502455084847
2017-09-07,-0.22733468968838344
2017-09-08,-0.22207048760076892
2017-09-11,-0.20070216918491535
2017-09-12,-0.1926678032454031
2017-09-13,-0.16962798581060887
2017-09-14,-0.15802411971166716
2017-09-15,-0.14757410521970785
2017-09-18,-0.14705347521835815
2017-09-19,-0.14327313063861724
2017-09-20,-0.13721008003222174
2017-09-21,-0.12473479944240118
2017-09-22,-0.10693534805427966
2017-09-25,-0.08734453541317544
2017-09-26,-0.08781388520862057
2017-09-27,-0.09476160644581642
2017-09-28,-0.10694557112476047
2017-09-29,-0.12316370793594708
2017-10-02,-0.14074767487303919
2017-10-03,-0.1603178097578095
2017-10-04,-0.17719710953037587
2017-10-05,-0.19852795291265476
2017-10-06,-0.2387258962240777
2017-10-09,-0.27855419118585223
2017-10-10,-0.24876947490443674
2017-10-11,-0.21989833012334953
2017-10-12,-0.1828364687709308
2017-10-13,-0.12841370488386888
2017-10-16,-0.07974571303187236
2017-10-17,-0.06886314075363498
2017-10-18,-0.052667518619846934
2017-10-19,-0.04412715564315445
2017-10-20,-0.04239453493730387
2017-10-23,-0.022632991801749536
2017-10-24,-0.03200597977235601
2017-10-25,-0.043156152655360616
2017-10-26,-0.0450460642352533
2017-10-27,-0.0483640795378444
2017-10-30,-0.06525284681106722
2017-10-31,-0.07768147483368182
2017-11-01,-0.08766089665280613
2017-11-02,-0.09815516913312824
2017-11-03,-0.09795210366411805
2017-11-06,-0.09761378185106645
2017-11-07,-0.0925621899783846
2017-11-08,-0.1470483821157448
2017-11-09,-0.20877525123096433
2017-11-10,-0.26544002034752473
2017-11-13,-0.32128864083112124
2017-11-14,-0.3792028661042471
2017-11-15,-0.3695244260837674
2017-11-16,-0.36775011295937654
2017-11-17,-0.37708940550928993
2017-11-20,-0.39652477823991444
2017-11-21,-0.42136865455942835
2017-11-22,-0.44203315546435445
2017-11-23,-0.4537148265327473
2017-11-24,-0.45634847835141634
2017-11-27,-0.44569086668981284
2017-11-28,-0.43134782372211655
2017-11-29,-0.42380774402281834
2017-11-30,-0.4217028279767968
2017-12-01,-0.41867420021194796
2017-12-04,-0.437849236463267
2017-12-05,-0.4463426001322957
2017-12-06,-0.46484029319208664
2017-12-07,-0.4795675512575993
2017-12-08,-0.5025305227154968
2017-12-11,-0.5221621395204628
2017-12-12,-0.5405843154668603
2017-12-13,-0.534017697725533
2017-12-14,-0.5275857283415637
2017-12-15,-0.5197226028869852
2017-12-18,-0.5164909659896264
2017-12-19,-0.5114045450964666
2017-12-20,-0.5059842938124759
2017-12-21,-0.4890060436563129
2017-12-22,-0.45359251388175786
2017-12-25,-0.40176258430529954
2017-12-26,-0.3349853664795611
2017-12-27,-0.3161985242780486
2017-12-28,-0.2873498633418589
2017-12-29,-0.2615785013308546
2018-01-01,-0.23564343975670826
2018-01-02,-0.254557785266876
2018-01-03,-0.2346846074720838
2018-01-04,-0.23391739223733263
2018-01-05,-0.24265773930053838
2018-01-08,-0.26262439001545806
2018-01-09,-0.2432910245314083
2018-01-10,-0.22569562090458964
2018-01-11,-0.20733935573637816
2018-01-12,-0.18189507771535024
2018-01-15,-0.14421401734168665
2018-01-16,-0.10937682032920353
2018-01-17,-0.07759058507667067
2018-01-18,-0.05722707096488634
2018-01-19,-0.05346434099702949
2018-01-22,-0.052547569960774365
2018-01-23,-0.05778058696715749
2018-01-24,-0.06158088621422657
2018-01-25,-0.03797240357751219
2018-01-26,-0.00502154374411728
2018-01-29,0.03576965102329126
2018-01-30,0.07814099711437954
2018-01-31,0.10951428118400186
2018-02-01,0.11816488021275373
2018-02-02,0.14568099744555404
2018-02-05,0.29997965006065364
2018-02-06,0.38814806952784286
2018-02-07,0.44124039455299735
2018-02-08,0.5850502954728313
2018-02-09,0.6757557656777241
2018-02-12,0.5952396143660394
2018-02-13,0.5887855405342789
2018-02-14,0.5846640701777367
2018-02-15,0.502758706791026
2018-02-16,0.4505795651654675
2018-02-19,0.436011569180597
2018-02-20,0.40633170513632777
2018-02-21,0.416744248522405
2018-02-22,0.41302297011916284
2018-02-23,0.3866004045397438
2018-02-26,0.3545868363742505
2018-02-27,0.3525364811772006
2018-02-28,0.36175706514398803
2018-03-01,0.40054621304770033
2018-03-02,0.43948468143694636
2018-03-05,0.46245633289027205
2018-03-06,0.4780822393146139
2018-03-07,0.47741221897437036
2018-03-08,0.4513019153984999
2018-03-09,0.4106327636435144
2018-03-12,0.3899119138253456
2018-03-13,0.33973086989981205
2018-03-14,0.29682551350316966
2018-03-15,0.25950554069532333
2018-03-16,0.25805808997567087
2018-03-19,0.2826911357827886
2018-03-20,0.3126546750217326
2018-03-21,0.35965378753191446
2018-03-22,0.4588979925211074
2018-03-23,0.5671683028387825
2018-03-26,0.6286328542201812
2018-03-27,0.7075064954171755
2018-03-28,0.7859302081221502
2018-03-29,0.788756718877793
2018-03-30,0.7753667972416444
2018-04-02,0.8108834516034659
2018-04-03,0.8070048777615956
2018-04-04,0.7715973242568553
2018-04-05,0.7445023349833451
2018-04-06,0.7428005054622691
2018-04-09,0.7089611616969593
2018-04-10,0.7014480645266142
2018-04-11,0.7059840677567516
2018-04-12,0.712515205765093
2018-04-13,0.6966710176857119
2018-04-16,0.6755137501545496
2018-04-17,0.641124122662211
2018-04-18,0.5994896046212077
2018-04-19,0.5641777589356703
2018-04-20,0.5456148448512163
2018-04-23,0.520000640259134
2018-04-24,0.4915159428631579
2018-04-25,0.47672541739244545
2018-04-26,0.46067820169794665
2018-04-27,0.43334306422479657
2018-04-30,0.4078299939553226
2018-05-01,0.39347790883717093
2018-05-02,0.38615099934433045
2018-05-03,0.3879157061043932
2018-05-04,0.3863363889800372
2018-05-07,0.40091086374663626
2018-05-08,0.39788328592939975
2018-05-09,0.36125024172000736
2018-05-10,0.31534635419901147
2018-05-11,0.25756010738557716
2018-05-14,0.18805439253743858
2018-05-15,0.1634014674522312
2018-05-16,0.15339564354871885
2018-05-17,0.14543009072720142
2018-05-18,0.15937559122512987
2018-05-21,0.17530836306012276
2018-05-22,0.16692758281484454
2018-05-23,0.1624554102454093
2018-05-24,0.15975672348879005
2018-05-25,0.16228693710636125
2018-05-28,0.1761600612983167
2018-05-29,0.20578437015203277
2018-05-30,0.21812475475876886
2018-05-31,0.2368179105412585
2018-06-01,0.23278498617608712
2018-06-04,0.21462648212811355
2018-06-05,0.17851200543229334
2018-06-06,0.15584645865624264
2018-06-07,0.13752114883270142
2018-06-08,0.13233359482055737
2018-06-11,0.13388982478784478
2018-06-12,0.14636748755472717
2018-06-13,0.1447623230305604
2018-06-14,0.12744804820520925
2018-06-15,0.12356898283753001
2018-06-18,0.12414935903681183
2018-06-19,0.14235916095100495
2018-06-20,0.17154912956827856
2018-06-21,0.22428155911243994
2018-06-22,0.2559297664041818
2018-06-25,0.32051224148695046
2018-06-26,0.35482293154789113
2018-06-27,0.41033260275714395
2018-06-28,0.4447356409980112
2018-06-29,0.4783790609423747
2018-07-02,0.47415416278247885
2018-07-03,0.4855077945944621
2018-07-04,0.4805601875814839
2018-07-05,0.4712183463221349
2018-07-06,0.4511230735516899
2018-07-09,0.44045338550550817
2018-07-10,0.4183637895858713
2018-07-11,0.41824549301772507
2018-07-12,0.4202848340294915
2018-07-13,0.43836016092658675
2018-07-16,0.4389092403073061
2018-07-17,0.435242538630036
2018-07-18,0.4080472773728518
2018-07-19,0.4046142069071722
2018-07-20,0.40081771831693036
2018-07-23,0.40726982559736447
2018-07-24,0.4034153630486211
2018-07-25,0.4123307084681621
2018-07-26,0.40703038079750964
2018-07-27,0.4063970634938629
2018-07-30,0.40159413308615566
2018-07-31,0.4004407525601358
2018-08-01,0.3779152701894734
2018-08-02,0.3466339943622552
2018-08-03,0.3126344574877342
2018-08-06,0.27309418080700637
2018-08-07,0.23626119558693684
2018-08-08,0.21039998149810915
2018-08-09,0.18294993238604168
2018-08-10,0.1667784175856609
2018-08-13,0.17415212066300673
2018-08-14,0.17875313440435958
2018-08-15,0.20641295459256925
2018-08-16,0.26350177201565084
2018-08-17,0.2898664648837907
2018-08-20,0.30776840218543433
2018-08-21,0.32974195571388903
2018-08-22,0.3224917454228944
2018-08-23,0.29820395284249746
2018-08-24,0.3250785655779899
2018-08-27,0.3520654174752908
2018-08-28,0.3695802173388714
2018-08-29,0.39150568198469216
2018-08-30,0.4279181850711217
2018-08-31,0.42414166215527055
2018-09-03,0.4204410869350378
2018-09-04,0.42570883446507557
2018-09-05,0.43296801573889815
2018-09-06,0.4312932192308729
2018-09-07,0.43649365801153284
2018-09-10,0.43250426978266193
2018-09-11,0.4167313044349347
2018-09-12,0.3963813703302749
2018-09-13,0.34559314649637984
2018-09-14,0.28156583031783716
2018-09-17,0.2363772988684963
2018-09-18,0.19693952543554763
2018-09-19,0.15792532314819646
2018-09-20,0.14219743834150395
2018-09-21,0.12849569077166262
2018-09-24,0.04617809199810184
2018-09-25,-0.019751110679064127
2018-09-26,-0.07177860393323111
2018-09-27,-0.12379478669599583
2018-09-28,-0.167960753603862
2018-10-01,-0.17036808232825043
2018-10-02,-0.17149221644776969
2018-10-03,-0.19354792850077424
2018-10-04,-0.2039546855186191
2018-10-05,-0.20780861578679097
2018-10-08,-0.18899405712671052
2018-10-09,-0.1484727530967619
2018-10-10,-0.053826835902587924
2018-10-11,0.06028123846673607
2018-10-12,0.14664089079583187
2018-10-15,0.21314420769831913
2018-10-16,0.22491078192231323
2018-10-17,0.19214219560476778
2018-10-18,0.14682154013868634
2018-10-19,0.13498988430723718
2018-10-22,0.1278892917683354
2018-10-23,0.15892987243787107
2018-10-24,0.23001244565842427
2018-10-25,0.2689802818080571
2018-10-26,0.30676501770082265
2018-10-29,0.35185644269661026
2018-10-30,0.3808476966120078
2018-10-31,0.36141581572430515
2018-11-01,0.3770114568459586
2018-11-02,0.3951060519575445
2018-11-05,0.41689206642024673
2018-11-06,0.4465130543628524
2018-11-07,0.4411048891493353
2018-11-08,0.42344568096338087
2018-11-09,0.3952131697967126
2018-11-12,0.38094283682182645
2018-11-13,0.35085511838028516
2018-11-14,0.3789583333450968
2018-11-15,0.3912657555860272
2018-11-16,0.39291346961777235
2018-11-19,0.38683723315255425
2018-11-20,0.4080474919913164
2018-11-21,0.41104308824057034
2018-11-22,0.4163395593807845
2018-11-23,0.44745782875168627
2018-11-26,0.456949944041698
2018-11-27,0.4534743587227587
2018-11-28,0.45163653304999524
2018-11-29,0.4729549094355125
2018-11-30,0.45079850721963866
2018-12-03,0.47727017302131375
2018-12-04,0.5236313877488971
2018-12-05,0.572526378757025
2018-12-06,0.6343476849448075
2018-12-07,0.7412251689390131
2018-12-10,0.811401145912148
2018-12-11,0.8556302532010877
2018-12-12,0.8909494620212565
2018-12-13,0.8893740217878262
2018-12-14,0.8901698595288474
2018-12-17,0.9170729025071582
2018-12-18,0.9576902636659413
2018-12-19,1.006198727701569
2018-12-20,1.0873576886078635
2018-12-21,1.1635703384070482
2018-12-24,1.2278105833859274
2018-12-25,1.282299137957557
2018-12-26,1.2981688776939513
2018-12-27,1.2919269321857325
2018-12-28,1.2666027091175
2018-12-31,1.1942948683312657
2019-01-01,1.082898521172876
2019-01-02,0.9860454812016322
2019-01-03,0.9015308596960712
2019-01-04,0.7691374554719459
2019-01-07,0.6621681782292675
2019-01-08,0.5673608510965105
2019-01-09,0.5170960663783494
2019-01-10,0.4498350902537814
2019-01-11,0.4318110782371195
2019-01-14,0.4085546855624679
2019-01-15,0.40580744572108507
2019-01-16,0.39628734496592777
2019-01-17,0.3852255708490552
2019-01-18,0.37689549753020923
2019-01-21,0.37582625255236257
2019-01-22,0.4175105424379292
2019-01-23,0.4402566895030843
2019-01-24,0.46367996804139483
2019-01-25,0.47959192242891896
2019-01-28,0.5028506560751125
2019-01-29,0.48806681079017133
2019-01-30,0.46841148391442233
2019-01-31,0.440187562710934
2019-02-01,0.4426936622885414
2019-02-04,0.4354393539187873
2019-02-05,0.4329089839939913
2019-02-06,0.43996477343204987
2019-02-07,0.43661075654648684
2019-02-08,0.4001515793330886
2019-02-11,0.3815299412256846
2019-02-12,0.36456556865186823
2019-02-13,0.34604717066385493
2019-02-14,0.35476224151198954
2019-02-15,0.3621180103770507
2019-02-18,0.3617668800988774
2019-02-19,0.3359310951389047
2019-02-20,0.30732186326744304
2019-02-21,0.27365898873736644
2019-02-22,0.24348344625673501
2019-02-25,0.2118118155167787
2019-02-26,0.20868799127488602
2019-02-27,0.20627867398494737
2019-02-28,0.19110822696348634
2019-03-01,0.1743530924624846
2019-03-04,0.14550642022332527
2019-03-05,0.10999982355735641
2019-03-06,0.08092717369024409
2019-03-07,0.06969173038447757
2019-03-08,0.06423225054516583
2019-03-11,0.06339335142706916
2019-03-12,0.025164072266348304
2019-03-13,-0.01049665655531536
2019-03-14,-0.056074975813157416
2019-03-15,-0.09503835137573186
2019-03-18,-0.11954727997543431
2019-03-19,-0.11640663142038661
2019-03-20,-0.11452572055560446
2019-03-21,-0.12171023075677714
2019-03-22,-0.10983558960120776
2019-03-25,-0.10757109611317031
2019-03-26,-0.12224941683119943
2019-03-27,-0.13095077393753385
2019-03-28,-0.14103089888678882
2019-03-29,-0.14948622969682362
2019-04-01,-0.16909940223199832
2019-04-02,-0.1596848256157992
2019-04-03,-0.16047809879610422
2019-04-04,-0.15603064405611372
2019-04-05,-0.1758176712917575
2019-04-08,-0.1790976755137943
2019-04-09,-0.17457502498991237
2019-04-10,-0.17597842192421037
2019-04-11,-0.17554943311758514
2019-04-12,-0.1820728303332098
2019-04-15,-0.18738719925017372
2019-04-16,-0.20457185837207406
2019-04-17,-0.20915066963392143
2019-04-18,-0.21186359615658482
2019-04-19,-0.20423616590376237
2019-04-22,-0.20350842542157768
2019-04-23,-0.21041181309393772
2019-04-24,-0.21049121249359412
2019-04-25,-0.2064506041902483
2019-04-26,-0.20425213042640297
2019-04-29,-0.2118423077258039
2019-04-30,-0.2079124963044825
2019-05-01,-0.2034296276725897
2019-05-02,-0.2205966088077343
2019-05-03,-0.24244767386507232
2019-05-06,-0.2214826858755225
2019-05-07,-0.17183575645582716
2019-05-08,-0.1393780316228505
2019-05-09,-0.07583038877126015
2019-05-10,-0.031311672952865924
2019-05-13,0.037610394456883994
2019-05-14,0.058196560909685856
2019-05-15,0.07328409817952516
2019-05-16,0.05893756354956671
2019-05-17,0.0832203845019072
2019-05-20,0.05693397332537457
2019-05-21,0.04380953918549678
2019-05-22,0.043250147822791074
2019-05-23,0.07236468984720543
2019-05-24,0.09012748994815756
2019-05-27,0.10166989820784059
2019-05-28,0.12376382508295239
2019-05-29,0.14437219281393493
2019-05-30,0.1461528012028592
2019-05-31,0.1565312718313731
2019-06-03,0.16110344264170012
2019-06-04,0.13953553310767436
2019-06-05,0.10652902790382926
2019-06-06,0.08096930963838052
2019-06-07,0.04685228728667958
2019-06-10,0.016503503381781824
2019-06-11,-0.01016104302652276
2019-06-12,-0.026264872315359324
2019-06-13,-0.03867499360210157
2019-06-14,-0.06205513068248052
2019-06-17,-0.0994426906702117
2019-06-18,-0.11657821884184172
2019-06-19,-0.13618999497778206
2019-06-20,-0.13245425772794595
2019-06-21,-0.10276911764896471
2019-06-24,-0.06292220945942105
2019-06-25,-0.02278676213695909
2019-06-26,0.016190088801470236
2019-06-27,0.022300055270821136
2019-06-28,0.010423643511724484
2019-07-01,-0.01780985228426773
2019-07-02,-0.05224037353494526
2019-07-03,-0.09222916665838256
2019-07-04,-0.12965880893664505
2019-07-05,-0.15783430130341067
2019-07-08,-0.15391299080189608
2019-07-09,-0.15274661977093398
2019-07-10,-0.14058933247294395
2019-07-11,-0.13507431091012942
2019-07-12,-0.12818528616377092
2019-07-15,-0.13299037680174552
2019-07-16,-0.1297974193327407
2019-07-17,-0.12099926792794935
2019-07-18,-0.09316125509172415
2019-07-19,-0.1079386477592034
2019-07-22,-0.12815768421347634
2019-07-23,-0.1538139667972685
2019-07-24,-0.1996701085350319
2019-07-25,-0.25919084214017696
2019-07-26,-0.2920056430593532
2019-07-29,-0.30742714461118825
2019-07-30,-0.31134551858177284
2019-07-31,-0.2843469583451869
2019-08-01,-0.23554770040757417
2019-08-02,-0.16564407001627918
2019-08-05,0.037812728799725415
2019-08-06,0.19890864825382065
2019-08-07,0.350248209629264
2019-08-08,0.4641338988476685
2019-08-09,0.5755290877325788
2019-08-12,0.5731770896493961
2019-08-13,0.5782497776243087
2019-08-14,0.6269509856458267
2019-08-15,0.6832833546240678
2019-08-16,0.7238374509701612
2019-08-19,0.70892985614426
2019-08-20,0.7241441712634916
2019-08-21,0.6675747072433726
2019-08-22,0.6121470320028987
2019-08-23,0.5939846580758219
2019-08-26,0.6134651357359189
2019-08-27,0.6286171672242709
2019-08-28,0.6508453411583276
2019-08-29,0.6785737523380929
2019-08-30,0.6808312349980914
2019-09-02,0.6703819231430039
2019-09-03,0.5956671986722026
2019-09-04,0.5142280986300516
2019-09-05,0.41630945489059756
2019-09-06,0.3216025122640322
2019-09-09,0.23248563989406748
2019-09-10,0.20678642738166947
2019-09-11,0.1889817178664238
2019-09-12,0.19588030826819444
2019-09-13,0.1874035666848846
2019-09-16,0.179755560614368
2019-09-17,0.177713443395306
2019-09-18,0.2004741024559223
2019-09-19,0.22353940808399866
2019-09-20,0.2536435095560411
2019-09-23,0.26882590349194546
2019-09-24,0.2718115236958921
2019-09-25,0.26122894459547136
2019-09-26,0.264315344165682
2019-09-27,0.27718900724009066
2019-09-30,0.27497747011791185
2019-10-01,0.31033969477895174
2019-10-02,0.3521455302544384
2019-10-03,0.3690790462548831
2019-10-04,0.35457054137815885
2019-10-07,0.3476813138295532
2019-10-08,0.33401162584840394
2019-10-09,0.3000997566859384
2019-10-10,0.2715526156668018
2019-10-11,0.24507365377125687
2019-10-14,0.2317976038197876
2019-10-15,0.18662071169239128
2019-10-16,0.1527413554084928
2019-10-17,0.11397947934313184
2019-10-18,0.08572905595504172
2019-10-21,0.054046659830893
2019-10-22,0.0320839000122082
2019-10-23,0.010915265548642583
2019-10-24,-0.01831205195882893
2019-10-25,-0.0476622132145873
2019-10-28,-0.06020887721422363
2019-10-29,-0.08463520497117993
2019-10-30,-0.11305231362933346
2019-10-31,-0.09919511769381391
2019-11-01,-0.08306272922208553
2019-11-04,-0.06833924368590874
2019-11-05,-0.05659262548935175
2019-11-06,-0.0364599378237612
2019-11-07,-0.04529509648489612
2019-11-08,-0.04506008057739257
2019-11-11,-0.053015177375579856
2019-11-12,-0.054054193867954424
2019-11-13,-0.04298773256465366
2019-11-14,-0.036886648553679804
2019-11-15,-0.04346538855290059
2019-11-18,-0.03682147390989603
2019-11-19,-0.023056361320490125
2019-11-20,-0.01839538797054272
2019-11-21,-0.008393797767664085
2019-11-22,0.008318170582018846
2019-11-25,0.003779649356454412
2019-11-26,-0.005532317549615523
2019-11-27,-0.023078983797396035
2019-11-28,-0.042699645114385384
2019-11-29,-0.052217116192215786
2019-12-02,-0.0432506468844599
2019-12-03,-0.009101456572912166
2019-12-04,0.020650849618676838
2019-12-05,0.048329783109042755
2019-12-06,0.05655268370079014
2019-12-09,0.06844159166590365
2019-12-10,0.052187934038910554
2019-12-11,0.03561471030870046
2019-12-12,0.04013640854475621
2019-12-13,0.047698007146131614
2019-12-16,0.037332755567509826
2019-12-17,0.03190112417542961
2019-12-18,0.03738627309127669
2019-12-19,0.026562552426844098
2019-12-20,0.020222149300078086
2019-12-23,0.023859929119994783
2019-12-24,0.03624710331564063
2019-12-25,0.04531856554127611
2019-12-26,0.05571520579963094
2019-12-27,0.06863340179725867
2019-12-30,0.07767338272379601
2019-12-31,0.0751120153167491
2020-01-01,0.0633706853642892
2020-01-02,0.048731295286037556
2020-01-03,0.04451485883059506
2020-01-06,0.030139260329482498
2020-01-07,0.0355193784413112
2020-01-08,0.032873758809986914
2020-01-09,0.03138991110704743
2020-01-10,-0.006044784647093421
2020-01-13,-0.03901853895343972
2020-01-14,-0.08180178930255608
2020-01-15,-0.10583447337701438
2020-01-16,-0.12970543486859235
2020-01-17,-0.13878409628600574
2020-01-20,-0.14039713308241572
2020-01-21,-0.1122503523064348
2020-01-22,-0.08425546458594585
2020-01-23,-0.04597153945445568
2020-01-24,0.023692254824528136
2020-01-27,0.10972909615092438
2020-01-28,0.1379412702287704
2020-01-29,0.1688000675975305
2020-01-30,0.174442279419578
2020-01-31,0.18418171443622894
2020-02-03,0.2408817777600928
2020-02-04,0.30783717553285733
2020-02-05,0.3612631677769993
2020-02-06,0.4250100440572232
2020-02-07,0.47597729481916085
2020-02-10,0.4482524498835302
2020-02-11,0.43497949597681557
2020-02-12,0.41415901000435706
2020-02-13,0.3944511955835578
2020-02-14,0.36069245535726974
2020-02-17,0.33864201855907733
2020-02-18,0.3244443712006492
2020-02-19,0.31712296890814484
2020-02-20,0.31740454863054646
2020-02-21,0.3325042381119564
2020-02-24,0.4027561029744815
2020-02-25,0.48132437887500146
2020-02-26,0.5557704095089597
2020-02-27,0.7231339001204815
2020-02-28,0.8947134915990009
2020-03-02,0.9566108616275029
2020-03-03,1.0051927891804835
2020-03-04,1.0092399448503624
2020-03-05,0.9974045117462685
2020-03-06,1.0094736852102657
2020-03-09,1.1660552432035867
2020-03-10,1.2275852991318144
2020-03-11,1.3900918064783905
2020-03-12,1.6752935166591691
2020-03-13,1.8417521573718176
2020-03-16,2.1285989459236125
2020-03-17,2.5074643314909815
2020-03-18,2.9251612026006732
2020-03-19,3.1418509564267607
2020-03-20,3.4002791934879797
2020-03-23,3.441093923130553
2020-03-24,3.4937130592265064
2020-03-25,3.512233015804429
2020-03-26,3.5496204549763513
2020-03-27,3.6594239485565296
2020-03-30,3.6850951448356595
2020-03-31,3.6762972091215844
2020-04-01,3.655158324153734
2020-04-02,3.5387316017686543
2020-04-03,3.360655180340211
2020-04-06,3.2373998332714677
2020-04-07,3.147213034212559
2020-04-08,2.970477408010813
2020-04-09,2.8220134197962743
2020-04-10,2.6740596089072666
2020-04-13,2.559980417542079
2020-04-14,2.408583892699388
2020-04-15,2.342802625995418
2020-04-16,2.310781224271486
2020-04-17,2.2590663226521293
2020-04-20,2.251094892969312
2020-04-21,2.2705398485986836
2020-04-22,2.214907159265182
2020-04-23,2.143598029625619
2020-04-24,2.0354498668796794
2020-04-27,1.8466222175157678
2020-04-28,1.6368787650001064
2020-04-29,1.4303540664946948
2020-04-30,1.231400287770398
2020-05-01,1.118660159254096
2020-05-04,1.0237835086764144
2020-05-05,0.9198511436469282
2020-05-06,0.8437185297610581
2020-05-07,0.7699385152592996
2020-05-08,0.6596783784973473
2020-05-11,0.569923271459348
2020-05-12,0.5444320324087867
2020-05-13,0.5397630093182152
2020-05-14,0.5331776258396591
2020-05-15,0.5485817814324592
2020-05-18,0.5411829777169739
2020-05-19,0.5055859113376153
2020-05-20,0.4390206004260362
2020-05-21,0.4058200085795492
2020-05-22,0.37401073866373336
2020-05-25,0.3673841921282205
2020-05-26,0.3435035270617662
2020-05-27,0.3420434561880977
2020-05-28,0.3329900255059049
2020-05-29,0.3266078780901892
2020-06-01,0.3261449177947158
2020-06-02,0.3271734290791388
2020-06-03,0.3104461686866591
2020-06-04,0.26815188545070434
2020-06-05,0.21744440756088673
2020-06-08,0.16851536093776867
2020-06-09,0.12872942653426658
2020-06-10,0.11899357284594961
2020-06-11,0.2250464306092958
2020-06-12,0.3178167060276477
2020-06-15,0.3806508380843786
2020-06-16,0.43995072291190046
2020-06-17,0.4849799770470063
2020-06-18,0.43063284432822213
2020-06-19,0.4198320282147643
2020-06-22,0.4002136626410301
2020-06-23,0.3779965455467808
2020-06-24,0.3778809719148484
2020-06-25,0.3572698692464532
2020-06-26,0.34255111949358713
2020-06-29,0.3360435355766566
2020-06-30,0.31765430670970873
2020-07-01,0.26140394595131894
2020-07-02,0.2177468679872067
2020-07-03,0.151841453947173
2020-07-06,0.12457466783917708
2020-07-07,0.12303048640239382
2020-07-08,0.12561589131623963
2020-07-09,0.15467860551729612
2020-07-10,0.16802579317516303
2020-07-13,0.1969409223325858
2020-07-14,0.1915213903931324
2020-07-15,0.18543822239974905
2020-07-16,0.1806856462539575
2020-07-17,0.1721834233671635
2020-07-20,0.11832197122342594
2020-07-21,0.09075386462012704
2020-07-22,0.07823760799096183
2020-07-23,0.05367775803184878
2020-07-24,0.054569999674001536
2020-07-27,0.0719793325142141
2020-07-28,0.09439639438083812
2020-07-29,0.0999238874129718
2020-07-30,0.1086105385610922
2020-07-31,0.11905020230073773
2020-08-03,0.12467091936252883
2020-08-04,0.1005536448177718
2020-08-05,0.09138167029518743
2020-08-06,0.0744454334785544
2020-08-07,0.0517395496326938
2020-08-10,0.03142732219010681
2020-08-11,0.04407413278897824
2020-08-12,0.04137993183950475
2020-08-13,0.04213211841035621
2020-08-14,0.0364454848019211
2020-08-17,0.0317662103700431
2020-08-18,0.0169522399698716
2020-08-19,0.017272916526447607
2020-08-20,0.012814950283306176
2020-08-21,0.014529691533074618
2020-08-24,-0.0018947682125493985
2020-08-25,-0.017559852262268454
2020-08-26,-0.016645606235541954
2020-08-27,-0.013451012921208556
2020-08-28,-0.020466437208298598
2020-08-31,0.010499393863451759
2020-09-01,0.03854692865895881
2020-09-02,0.058604570378279666
2020-09-03,0.12117848339324677
2020-09-04,0.1598908438040178
2020-09-07,0.17412550881430072
2020-09-08,0.19290855553064468
2020-09-09,0.18464063941091644
2020-09-10,0.14056169306388144
2020-09-11,0.1097758377125783
2020-09-14,0.07753154138110674
2020-09-15,0.04763763282395281
2020-09-16,0.03530677508151865
2020-09-17,0.028374538720723146
2020-09-18,0.034749061068832965
2020-09-21,0.08015463093981798
2020-09-22,0.11739629722016591
2020-09-23,0.18074984251862122
2020-09-24,0.2326814590770363
2020-09-25,0.27072540423390745
2020-09-28,0.26827646714794007
2020-09-29,0.27553169919263765
2020-09-30,0.2561250679963674
2020-10-01,0.238865903385948
2020-10-02,0.24405664682169728
2020-10-05,0.24835286639656307
2020-10-06,0.2616877022421987
2020-10-07,0.2634683446466906
2020-10-08,0.24673472925845266
2020-10-09,0.2806389650887216
2020-10-12,0.3243921275417031
2020-10-13,0.384383020243534
2020-10-14,0.4541658258598539
2020-10-15,0.5368396676155112
2020-10-16,0.5703921943066245
2020-10-19,0.6133649048388576
2020-10-20,0.6176516859160162
2020-10-21,0.6149857361377984
2020-10-22,0.6106689728339059
2020-10-23,0.5981889770502236
2020-10-26,0.6151509072397758
2020-10-27,0.6469147487410798
2020-10-28,0.7414835380639244
2020-10-29,0.8150104131783473
2020-10-30,0.8963225557757944
2020-11-02,0.9342492077885891
2020-11-03,0.9491496007887014
2020-11-04,0.8810373006897165
2020-11-05,0.8239540499414704
2020-11-06,0.742882116830576
2020-11-09,0.6135566825946044
2020-11-10,0.4965777184064499
2020-11-11,0.37519513041702246
2020-11-12,0.2825943069856448
2020-11-13,0.1944974717358608
2020-11-16,0.15214866222454973
2020-11-17,0.12347272484002673
2020-11-18,0.13241584355021666
2020-11-19,0.12857616095288468
2020-11-20,0.13311601736857254
2020-11-23,0.14166115287056186
2020-11-24,0.12616264090289903
2020-11-25,0.10617234834274578
2020-11-26,0.07381225455266707
2020-11-27,0.048109445747905946
2020-11-30,0.02402794910880906
2020-12-01,0.006087122355025542
2020-12-02,-0.01160655993253806
2020-12-03,-0.016725536767631236
2020-12-04,-0.05187114630910637
2020-12-07,-0.07962069745591542
2020-12-08,-0.11305485143409759
2020-12-09,-0.13348479784354983
2020-12-10,-0.1557384494825435
2020-12-11,-0.14222026687100162
2020-12-14,-0.12646004646372172
2020-12-15,-0.11170097701311203
2020-12-16,-0.1193590241277458
2020-12-17,-0.1325210127929004
2020-12-18,-0.16313707325926013
2020-12-21,-0.1852423123114742
2020-12-22,-0.2108776191554039
2020-12-23,-0.23314147951005645
2020-12-24,-0.27037325834960874
2020-12-25,-0.29538972087983967
2020-12-28,-0.33624537978147934
2020-12-29,-0.3507627206058852
2020-12-30,-0.3557384936448149
2020-12-31,-0.345228046731323
2021-01-01,-0.3443256995607208
2021-01-04,-0.25141798044551855
2021-01-05,-0.1797100345543286
2021-01-06,-0.12001215278796946
2021-01-07,-0.08165884869778986
2021-01-08,-0.040472156260855506
2021-01-11,-0.07625463966366275
2021-01-12,-0.10297854831232037
2021-01-13,-0.12024783196799978
2021-01-14,-0.11109752214729367
2021-01-15,-0.08886369309155165
2021-01-18,-0.08415333953705101
2021-01-19,-0.08421016947260525
2021-01-20,-0.0937428975214074
2021-01-21,-0.10994355444765662
2021-01-22,-0.11703215931137019
2021-01-25,-0.11622267870189973
2021-01-26,-0.0996847901007911
2021-01-27,0.026648055107161707
2021-01-28,0.11687957116327759
2021-01-29,0.21014638560937468
2021-02-01,0.29109581526103495
2021-02-02,0.28866509636551796
2021-02-03,0.1768458644617542
2021-02-04,0.09462247006007377
2021-02-05,-0.01610909389744198
2021-02-08,-0.11658906216196682
2021-02-09,-0.13382159070772912
2021-02-10,-0.13689633657650258
2021-02-11,-0.1360533343616174
2021-02-12,-0.13778321577115174
2021-02-15,-0.14486329058496641
2021-02-16,-0.15531168793724012
2021-02-17,-0.1743637468555034
2021-02-18,-0.1673200918280366
2021-02-19,-0.15137293087968956
2021-02-22,-0.12847648234642098
2021-02-23,-0.11214370819168869
2021-02-24,-0.1031559111180311
2021-02-25,-0.07606090074247703
2021-02-26,-0.05391849602133316
2021-03-01,-0.08267582523659651
2021-03-02,-0.11558803499126431
2021-03-03,-0.12394437515271528
2021-03-04,-0.1622990175305709
2021-03-05,-0.21065426328425793
2021-03-08,-0.20678366214442248
2021-03-09,-0.20290016112918216
2021-03-10,-0.22219929543328193
2021-03-11,-0.25884248715693775
2021-03-12,-0.2884429810714995
2021-03-15,-0.3305473125601708
2021-03-16,-0.35791609694532533
2021-03-17,-0.3819273826423048
2021-03-18,-0.3807133867217555
2021-03-19,-0.3816888748949288
2021-03-22,-0.41344602265154373
2021-03-23,-0.42932176436104913
2021-03-24,-0.4354768371307077
2021-03-25,-0.4678553091560012
2021-03-26,-0.49275713767826995
2021-03-29,-0.47166492634230506
2021-03-30,-0.48027288211114394
2021-03-31,-0.49303998937812965
2021-04-01,-0.49870250653614195
2021-04-02,-0.4986438051864108
2021-04-05,-0.5139885410348362
2021-04-06,-0.5164128879832331
2021-04-07,-0.5348232591166109
2021-04-08,-0.5459264279981886
2021-04-09,-0.5649720731756952
2021-04-12,-0.5790952805415008
2021-04-13,-0.6070667087937391
2021-04-14,-0.6097739580087908
2021-04-15,-0.609043890980498
2021-04-16,-0.6043145562484864
2021-04-19,-0.5916867672520778
2021-04-20,-0.5657223124744709
2021-04-21,-0.5596515209108486
2021-04-22,-0.5493606495758273
2021-04-23,-0.5531273119927946
2021-04-26,-0.5601193712578605
2021-04-27,-0.5901292765363045
2021-04-28,-0.6086094509251103
2021-04-29,-0.6462493917484965
2021-04-30,-0.6628334029575808
2021-05-03,-0.6845837335047931
2021-05-04,-0.6833721781126252
2021-05-05,-0.7007624046419603
2021-05-06,-0.7178329161316317
2021-05-07,-0.7372580259074406
2021-05-10,-0.7323434057216718
2021-05-11,-0.7120812989137446
2021-05-12,-0.6241235561912569
2021-05-13,-0.5562022264810446
2021-05-14,-0.5120152216885137
2021-05-17,-0.49153426372925263
2021-05-18,-0.4781428761418033
2021-05-19,-0.5096808284455743
2021-05-20,-0.5214951134900453
2021-05-21,-0.5118007420032604
2021-05-24,-0.5186663922725361
2021-05-25,-0.5338505980040191
2021-05-26,-0.5628870301175799
2021-05-27,-0.5937607157051099
2021-05-28,-0.6154635139403438
2021-05-31,-0.621443484096659
2021-06-01,-0.6269274041442588
2021-06-02,-0.625896282482128
2021-06-03,-0.60275116569722
2021-06-04,-0.5944703023653913
2021-06-07,-0.5991258497751064
2021-06-08,-0.6043016701904388
2021-06-09,-0.6037400485060316
2021-06-10,-0.6392714711128605
2021-06-11,-0.669566608521936
2021-06-14,-0.686215642506223
2021-06-15,-0.7039403298341803
2021-06-16,-0.7221970486951251
2021-06-17,-0.6753597506931247
2021-06-18,-0.6000804004472221
2021-06-21,-0.5429885428029537
2021-06-22,-0.5022192155027415
2021-06-23,-0.46382831875883046
2021-06-24,-0.47460874322806673
2021-06-25,-0.5162741401135111
2021-06-28,-0.5384776992752371
2021-06-29,-0.5466241822438014
2021-06-30,-0.5538341075445024
2021-07-01,-0.5606964446387237
2021-07-02,-0.5679253352198622
2021-07-05,-0.5783312072877811
2021-07-06,-0.58143690032337
2021-07-07,-0.5855729081223008
2021-07-08,-0.5673940613045378
2021-07-09,-0.5599347704339855
2021-07-12,-0.5476236549109099
2021-07-13,-0.5387906707030351
2021-07-14,-0.5369639090846502
2021-07-15,-0.53750215645773
2021-07-16,-0.5421491056732753
2021-07-19,-0.5135211608077086
2021-07-20,-0.5144642355229985
2021-07-21,-0.523226546628407
2021-07-22,-0.5492796850421875
2021-07-23,-0.5574617506145009
2021-07-26,-0.6033299995413489
2021-07-27,-0.6009988800901833
2021-07-28,-0.5851570617553128
2021-07-29,-0.5577300725813361
2021-07-30,-0.5261496912290695
2021-08-02,-0.48011474028133677
2021-08-03,-0.4681910868747943
2021-08-04,-0.4557199630851372
2021-08-05,-0.45232931105777147
2021-08-06,-0.46608091230734655
2021-08-09,-0.49015729527909324
2021-08-10,-0.5071862120734536
2021-08-11,-0.5284337124528495
2021-08-12,-0.5546650728626213
2021-08-13,-0.5620896004920055
2021-08-16,-0.5708896805001883
2021-08-17,-0.5640879662061018
2021-08-18,-0.5274777776613974
2021-08-19,-0.4820663314267365
2021-08-20,-0.45942169401447364
2021-08-23,-0.4423359686545704
2021-08-24,-0.44337709891907523
2021-08-25,-0.49190837826715067
2021-08-26,-0.5270362994135809
2021-08-27,-0.5791698654854616
2021-08-30,-0.628084769855389
2021-08-31,-0.6683334829895897
2021-09-01,-0.6935698471180126
2021-09-02,-0.7304467976253093
2021-09-03,-0.7335815656945257
2021-09-06,-0.7471684323554744
2021-09-07,-0.7519078820290456
2021-09-08,-0.7474334507716878
2021-09-09,-0.7358570159959209
2021-09-10,-0.7085578175122387
2021-09-13,-0.6822541666185338
2021-09-14,-0.6562916931101249
2021-09-15,-0.6465778221261554
2021-09-16,-0.6307121887579058
2021-09-17,-0.6158621973281914
2021-09-20,-0.5474774432609399
2021-09-21,-0.5084591962219083
2021-09-22,-0.47745083243173314
2021-09-23,-0.4849742624301577
2021-09-24,-0.5134868074181886
2021-09-27,-0.5780139925037829
2021-09-28,-0.5997746945996918
2021-09-29,-0.6034877307330232
2021-09-30,-0.5675594197218696
2021-10-01,-0.5344738809220473
2021-10-04,-0.4945182601061381
2021-10-05,-0.49918396741113125
2021-10-06,-0.5022893576168574
2021-10-07,-0.5391498901146133
2021-10-08,-0.5726822767184692
2021-10-11,-0.6113612465017487
2021-10-12,-0.6297617966941389
2021-10-13,-0.643775676975803
2021-10-14,-0.650224274522713
2021-10-15,-0.664862938559547
2021-10-18,-0.6855937849817721
2021-10-19,-0.6858091839279961
2021-10-20,-0.6865828928317922
2021-10-21,-0.6867549834098089
2021-10-22,-0.6631119299104087
2021-10-25,-0.6387317515084258
2021-10-26,-0.6287925162369447
2021-10-27,-0.6043838850084391
2021-10-28,-0.5802259218149416
2021-10-29,-0.5664666132985574
2021-11-01,-0.5503487834612835
2021-11-02,-0.5437480098082034
2021-11-03,-0.5632111017638375
2021-11-04,-0.5678017455652768
2021-11-05,-0.5602334488151245
2021-11-08,-0.5510663851443963
2021-11-09,-0.5299862735026958
2021-11-10,-0.4950668049624243
2021-11-11,-0.48012903131385815
2021-11-12,-0.4830284325936433
2021-11-15,-0.4931818962344209
2021-11-16,-0.5123727461607023
2021-11-17,-0.563444108403434
2021-11-18,-0.5990644201414296
2021-11-19,-0.6196059908210676
2021-11-22,-0.626461040275556
2021-11-23,-0.6381247412674521
2021-11-24,-0.6212983155089902
2021-11-25,-0.6090494701912473
2021-11-26,-0.5307224991898154
2021-11-29,-0.5140987758954986
2021-11-30,-0.4419057519443762
2021-12-01,-0.3416616498823736
2021-12-02,-0.2478763284640421
2021-12-03,-0.2039132639305825
2021-12-06,-0.13692196927102246
2021-12-07,-0.15554107308219373
2021-12-08,-0.2148011421033948
2021-12-09,-0.22535668642172615
2021-12-10,-0.279406230631594
2021-12-13,-0.2892328528746783
2021-12-14,-0.25293608341876667
2021-12-15,-0.22428454646618318
2021-12-16,-0.23104539181009826
2021-12-17,-0.2058712323478912
2021-12-20,-0.19723222464405166
2021-12-21,-0.21165343494946343
2021-12-22,-0.22901608415081975
2021-12-23,-0.2534791106897232
2021-12-24,-0.2888846801833383
2021-12-27,-0.3214745434500781
2021-12-28,-0.34770558901016224
2021-12-29,-0.35842329839200676
2021-12-30,-0.3658305159304531
2021-12-31,-0.3797142106166996
2022-01-03,-0.40102642246228964
2022-01-04,-0.41744738171121415
2022-01-05,-0.4055583240246105
2022-01-06,-0.39988695271242636
2022-01-07,-0.4147142039662045
2022-01-10,-0.4296659848398914
2022-01-11,-0.4491675271279913
2022-01-12,-0.4864862092952761
2022-01-13,-0.49698290895887354
2022-01-14,-0.4904675693914153
2022-01-17,-0.4814613400152631
2022-01-18,-0.45451805795947103
2022-01-19,-0.4170300037793752
2022-01-20,-0.3883725463220878
2022-01-21,-0.323023553415523
2022-01-24,-0.24950166230456433
2022-01-25,-0.18182194779819794
2022-01-26,-0.11802570893209652
2022-01-27,-0.031052901677527146
2022-01-28,0.009573661034847062
2022-01-31,0.025177595247754436
2022-02-01,0.005986973997031736
2022-02-02,-0.024688791937803073
2022-02-03,-0.07684555716863514
2022-02-04,-0.12185937671416922
2022-02-07,-0.15135130943859396
2022-02-08,-0.16364032094380085
2022-02-09,-0.18132080408198964
2022-02-10,-0.1751261649050307
2022-02-11,-0.13215593800889927
2022-02-14,-0.07862931865634193
2022-02-15,-0.03537818652908973
2022-02-16,0.00269373134454102
2022-02-17,0.031171080807573158
2022-02-18,0.03735038009231711
2022-02-21,0.035777286341261316
2022-02-22,0.0653419070576641
2022-02-23,0.12315158784851725
2022-02-24,0.14964557127976813
2022-02-25,0.11435589748181536
2022-02-28,0.09986040768439751
2022-03-01,0.0945686884628662
2022-03-02,0.06297597497463026
2022-03-03,0.03461471871733568
2022-03-04,0.08364986509252392
2022-03-07,0.1442600545486486
2022-03-08,0.1741493277415637
2022-03-09,0.19278600339402913
2022-03-10,0.19607354446385591
2022-03-11,0.19285646952451785
2022-03-14,0.17554213863020723
2022-03-15,0.15186325724733307
2022-03-16,0.13328234585015852
2022-03-17,0.12142414785354287
2022-03-18,0.0963143578122843
2022-03-21,0.04713251828136247
2022-03-22,0.00933184241169754
2022-03-23,-0.005718710962276235
2022-03-24,-0.030509571649170363
2022-03-25,-0.05957192764990142
2022-03-28,-0.08883920800426756
2022-03-29,-0.1152065983168574
2022-03-30,-0.1361163272852675
2022-03-31,-0.13019744212702972
2022-04-01,-0.10959111838957067
2022-04-04,-0.0935894571464507
2022-04-05,-0.06190498482593883
2022-04-06,-0.03974033845531878
2022-04-07,-0.03675288830354456
2022-04-08,-0.044758229964130064
2022-04-11,-0.031409934565067014
2022-04-12,-0.04680328924013787
2022-04-13,-0.08114546548122455
2022-04-14,-0.10706290052820419
2022-04-15,-0.12969908344830328
2022-04-18,-0.1721312717366237
2022-04-19,-0.18478413136864918
2022-04-20,-0.1738734619822599
2022-04-21,-0.13082378532887737
2022-04-22,-0.022076153471985528
2022-04-25,0.11055928976923735
2022-04-26,0.2710537577122391
2022-04-27,0.4087811146641201
2022-04-28,0.5234916316113196
2022-04-29,0.6015789893355542
2022-05-02,0.6520465626990974
2022-05-03,0.6430449731242002
2022-05-04,0.6175004116260989
2022-05-05,0.6258307878227398
2022-05-06,0.5913864047587545
2022-05-09,0.6139042358004364
2022-05-10,0.6459745031438026
2022-05-11,0.7218727371338336
2022-05-12,0.7617571577415176
2022-05-13,0.7925954222987895
2022-05-16,0.769595403541071
2022-05-17,0.7682911865893233
2022-05-18,0.794408553659918
2022-05-19,0.8216146738853908
2022-05-20,0.8771418777072985
2022-05-23,0.9377450467426215
2022-05-24,0.9719294260902525
2022-05-25,0.9650596426478156
2022-05-26,0.9517894168485214
2022-05-27,0.9138590955764148
2022-05-30,0.8842345638942103
2022-05-31,0.8643501701825421
2022-06-01,0.8477374175918369
2022-06-02,0.8295460726745019
2022-06-03,0.8178437137092816
2022-06-06,0.8031035801267666
2022-06-07,0.766357532320848
2022-06-08,0.7289227645411609
2022-06-09,0.7109763538541569
2022-06-10,0.6987715846620978
2022-06-13,0.7489378790456807
2022-06-14,0.8135529036770441
2022-06-15,0.8401230782681722
2022-06-16,0.8695927149311691
2022-06-17,0.8870103446157291
2022-06-20,0.8380760388259711
2022-06-21,0.7829847686006703
2022-06-22,0.7581866014096128
2022-06-23,0.7044698732828895
2022-06-24,0.6377172186690963
2022-06-27,0.5565516142297924
2022-06-28,0.505186546165215
2022-06-29,0.458793469937799
2022-06-30,0.4212508141366733
2022-07-01,0.3946113779199908
2022-07-04,0.3915485239606147
2022-07-05,0.37957093464464264
2022-07-06,0.369182054735177
2022-07-07,0.3507406415364613
2022-07-08,0.3431015356498773
2022-07-11,0.3469721224181145
2022-07-12,0.32930171830791233
2022-07-13,0.3202037164306518
2022-07-14,0.32058027926298477
2022-07-15,0.31433703528504714
2022-07-18,0.2992447655641497
2022-07-19,0.2970280895337848
2022-07-20,0.27198630426295206
2022-07-21,0.2381754648088644
2022-07-22,0.2259714320806765
2022-07-25,0.20390497574276806
2022-07-26,0.1970046394830759
2022-07-27,0.19151571143372847
2022-07-28,0.18653706979251608
2022-07-29,0.17333831491365548
2022-08-01,0.18429911118283032
2022-08-02,0.19671827579173468
2022-08-03,0.2111495181883845
2022-08-04,0.22541472172957738
2022-08-05,0.24545647770209902
2022-08-08,0.24715699225191745
2022-08-09,0.23652918967784645
2022-08-10,0.2326718257010215
2022-08-11,0.23585140748547717
2022-08-12,0.2195316356041952
2022-08-15,0.211950173239899
2022-08-16,0.20259237530219926
2022-08-17,0.19824999793842987
2022-08-18,0.1860642654079921
2022-08-19,0.20062588288780972
2022-08-22,0.23024797407029401
2022-08-23,0.2588672247616431
2022-08-24,0.27975731602814286
2022-08-25,0.3074731044593387
2022-08-26,0.3534507014531547
2022-08-29,0.38007263680646747
2022-08-30,0.4097624782179249
2022-08-31,0.443140388135152
2022-09-01,0.4718556978996064
2022-09-02,0.4675895482284645
2022-09-05,0.4582501439509442
2022-09-06,0.4675903677268076
2022-09-07,0.4660235353225213
2022-09-08,0.45193146495052944
2022-09-09,0.4535357423992908
2022-09-12,0.4567099267462675
2022-09-13,0.47034729293647415
2022-09-14,0.5011567273749519
2022-09-15,0.5562202119360306
2022-09-16,0.6027879642344927
2022-09-19,0.6429542783040704
2022-09-20,0.6529638707857099
2022-09-21,0.6796857357392467
2022-09-22,0.6900710649484444
2022-09-23,0.7301003572710627
2022-09-26,0.7772507657285503
2022-09-27,0.8221232785592996
2022-09-28,0.8332402351312638
2022-09-29,0.913180231339003
2022-09-30,0.9597513708722104
2022-10-03,0.9933385099874743
2022-10-04,1.024031009022708
2022-10-05,1.0473669938317074
2022-10-06,1.0264095821371653
2022-10-07,1.0120586689629552
2022-10-10,1.0025186220269386
2022-10-11,1.013875594600566
2022-10-12,1.0467152405467448
2022-10-13,1.0602907907903865
2022-10-14,1.0647232468898025
2022-10-17,1.0594498976883142
2022-10-18,1.0298480751773886
2022-10-19,1.0046299154734426
2022-10-20,0.9765464372522352
2022-10-21,0.9414643702698612
2022-10-24,0.9070446534895801
2022-10-25,0.8764855517935534
2022-10-26,0.8854173087266382
2022-10-27,0.9123953882790238
2022-10-28,0.9101226970071188
2022-10-31,0.9320208934836691
2022-11-01,0.9699709399015521
2022-11-02,0.9689541162222731
2022-11-03,0.9575892649616236
2022-11-04,0.9745764944479978
2022-11-07,1.0070360183319
2022-11-08,1.0395596271382075
2022-11-09,1.0594131132625528
2022-11-10,1.0778730733038349
2022-11-11,1.1007473428731491
2022-11-14,1.149863887011339
2022-11-15,1.1981170130866015
2022-11-16,1.2732492665979827
2022-11-17,1.3567903976476157
2022-11-18,1.447189380807116
2022-11-21,1.4791156414967195
2022-11-22,1.4963850537567764
2022-11-23,1.49410650531015
2022-11-24,1.4546952151019705
2022-11-25,1.4046266136243424
2022-11-28,1.377436296800391
2022-11-29,1.3437518033045452
2022-11-30,1.3121410611994622
2022-12-01,1.3088124857041175
2022-12-02,1.3134044837437315
2022-12-05,1.320221978325139
2022-12-06,1.3448291860002901
2022-12-07,1.3699966092318503
2022-12-08,1.393173053729983
2022-12-09,1.410736701358044
2022-12-12,1.4272183256349922
2022-12-13,1.3732602157853613
2022-12-14,1.3095546252004189
2022-12-15,1.2534782240167854
2022-12-16,1.1760538439117227
2022-12-19,1.0732062190736955
2022-12-20,1.0030728510280769
2022-12-21,0.9330302370612118
2022-12-22,0.871909085114587
2022-12-23,0.8328392353158692
2022-12-26,0.7981039319011611
2022-12-27,0.7790427913447514
2022-12-28,0.7636694367196643
2022-12-29,0.7130727508386635
2022-12-30,0.6873231974944931
2023-01-02,0.6607187923977909
2023-01-03,0.6466176318187692
2023-01-04,0.6301956841189795
2023-01-05,0.6419527412335796
2023-01-06,0.6345280207005314
2023-01-09,0.6570241749845336
2023-01-10,0.6652295579516784
2023-01-11,0.6828053259871186
2023-01-12,0.6831580679739017
2023-01-13,0.682303088470207
2023-01-16,0.6612985333837446
2023-01-17,0.6906302223762536
2023-01-18,0.7283871992949715
2023-01-19,0.7793331087002034
2023-01-20,0.8270106373131275
2023-01-23,0.8690289254007546
2023-01-24,0.8704542397460273
2023-01-25,0.8584597746192223
2023-01-26,0.8410891838175812
2023-01-27,0.8283116466311118
2023-01-30,0.8131346868307983
2023-01-31,0.8004429141223657
2023-02-01,0.777803981835656
2023-02-02,0.7620700239184124
2023-02-03,0.7688045358142165
2023-02-06,0.7804495486124395
2023-02-07,0.7628642214351686
2023-02-08,0.7665905928659765
2023-02-09,0.7740230682970894
2023-02-10,0.7536221383207306
2023-02-13,0.7186798604283096
2023-02-14,0.7091903962432442
2023-02-15,0.6517241742670372
2023-02-16,0.5917089315168622
2023-02-17,0.5373873227352063
2023-02-20,0.5010865984110162
2023-02-21,0.47944347327180603
2023-02-22,0.49663375581329205
2023-02-23,0.5058662462423016
2023-02-24,0.5382101335698718
2023-02-27,0.5612688608647465
2023-02-28,0.5614531618138245
2023-03-01,0.6037174452281319
2023-03-02,0.6445858820381957
2023-03-03,0.6609544676806922
2023-03-06,0.6716098182495496
2023-03-07,0.7176539693660489
2023-03-08,0.7241978810114199
2023-03-09,0.7516188697181125
2023-03-10,0.818599377533819
2023-03-13,0.8872506899866088
2023-03-14,0.9253613766243379
2023-03-15,0.9724048866724765
2023-03-16,0.9910960145534607
2023-03-17,0.9790462710170464
2023-03-20,0.9650590527952418
2023-03-21,0.9532853045564658
2023-03-22,0.9292549098395675
2023-03-23,0.9278877898966584
2023-03-24,0.9259852849363781
2023-03-27,0.9150247746450626
2023-03-28,0.9135734267480725
2023-03-29,0.9118461913365066
2023-03-30,0.8810426229658965
2023-03-31,0.832645668797603
2023-04-03,0.796456946683346
2023-04-04,0.7550758129971324
2023-04-05,0.7094253747343381
2023-04-06,0.6795371000972726
2023-04-07,0.6652149667843703
2023-04-10,0.6385047893038516
2023-04-11,0.5941151712993341
2023-04-12,0.5491593435117685
2023-04-13,0.4863689561304299
2023-04-14,0.4193418716582043
2023-04-17,0.36935255801519107
2023-04-18,0.34259772545642814
2023-04-19,0.32288261983804095
2023-04-20,0.32686681503611464
2023-04-21,0.29277400898271005
2023-04-24,0.2278031821900249
2023-04-25,0.179387529569827
2023-04-26,0.13052317984235376
2023-04-27,0.06990627122598848
2023-04-28,0.04208295515248589
2023-05-01,0.04212035307552233
2023-05-02,0.03435226388630865
2023-05-03,0.029170879587505017
2023-05-04,0.03577127193823151
2023-05-05,0.03598588968832313
2023-05-08,0.036668126123236
2023-05-09,0.03325415565135473
2023-05-10,0.022483854341801578
2023-05-11,0.009285560715350449
2023-05-12,0.010394425321622758
2023-05-15,0.012553987796191124
2023-05-16,0.022439954400406418
2023-05-17,0.03507901350184025
2023-05-18,0.05598359578793791
2023-05-19,0.09018354640929005
2023-05-22,0.13027207572757418
2023-05-23,0.16608340062370713
2023-05-24,0.20676785336613443
2023-05-25,0.23917371908714952
2023-05-26,0.2575881504802602
2023-05-29,0.2640873885680878
2023-05-30,0.2648460711608568
2023-05-31,0.2699372193110314
2023-06-01,0.2607045875106201
2023-06-02,0.25161073906340653
2023-06-05,0.24785435886939414
2023-06-06,0.23838364672628204
2023-06-07,0.21858044414992558
2023-06-08,0.21862362447858352
2023-06-09,0.22300366435314375
2023-06-12,0.2357790885807555
2023-06-13,0.24732159586517768
2023-06-14,0.26493010954955604
2023-06-15,0.28320567235232097
2023-06-16,0.2831754225902214
2023-06-19,0.2687594875333358
2023-06-20,0.2752254630949881
2023-06-21,0.2761000456978876
2023-06-22,0.26902022020209604
2023-06-23,0.2772842571215642
2023-06-26,0.3136731612162764
2023-06-27,0.336737258649912
2023-06-28,0.364278871985052
2023-06-29,0.3909775244029774
2023-06-30,0.4149640884835498
2023-07-03,0.419513188334676
2023-07-04,0.41973491840401145
2023-07-05,0.41414322787754115
2023-07-06,0.4153000023717629
2023-07-07,0.41293872042268803
2023-07-10,0.4068363691719477
2023-07-11,0.4077234747281146
2023-07-12,0.4143867003644173
2023-07-13,0.4152304871082446
2023-07-14,0.4228415674954532
2023-07-17,0.44079515279086234
2023-07-18,0.45200721700743973
2023-07-19,0.4627774200461493
2023-07-20,0.48947014583138004
2023-07-21,0.5135721026129982
2023-07-24,0.5293548402332128
2023-07-25,0.5362501927640217
2023-07-26,0.5404810569592637
2023-07-27,0.5331349103512663
2023-07-28,0.5204455595274918
2023-07-31,0.5099126527111527
2023-08-01,0.5166996052219824
2023-08-02,0.5364220065305113
2023-08-03,0.5464963912082441
2023-08-04,0.5726150787935418
2023-08-07,0.5811098235893916
2023-08-08,0.5906046266723413
2023-08-09,0.5914797915514641
2023-08-10,0.5813668182893484
2023-08-11,0.5527400516973016
2023-08-14,0.5431807467871287
2023-08-15,0.529175104828224
2023-08-16,0.5138174203300344
2023-08-17,0.5083597667901997
2023-08-18,0.48872095387425507
2023-08-21,0.4619085000258528
2023-08-22,0.4330539659510887
2023-08-23,0.377995516160903
2023-08-24,0.33738678174361525
2023-08-25,0.3076390500650841
2023-08-28,0.268359180010004
2023-08-29,0.22093253734621912
2023-08-30,0.18724087961257227
2023-08-31,0.15103913228590138
2023-09-01,0.106371013340594
2023-09-04,0.08033444438219978
2023-09-05,0.07175433067121262
2023-09-06,0.07644903620377112
2023-09-07,0.07187366243405861
2023-09-08,0.08736805454137718
2023-09-11,0.12323664603175528
2023-09-12,0.14933909660515723
2023-09-13,0.1674935181920573
2023-09-14,0.1835785479181632
2023-09-15,0.20389234866262856
2023-09-18,0.20462913670149616
2023-09-19,0.2022828378913677
2023-09-20,0.21805750266362445
2023-09-21,0.24719667595848857
2023-09-22,0.27219136895950957
2023-09-25,0.279913701015645
2023-09-26,0.29825118558684227
2023-09-27,0.2987777757152549
2023-09-28,0.28418761533636283
2023-09-29,0.26344498162016344
2023-10-02,0.2536980922604174
2023-10-03,0.24246625124888793
2023-10-04,0.21127091342874832
2023-10-05,0.18495272101623225
2023-10-06,0.15393579047842448
2023-10-09,0.12211715550939513
2023-10-10,0.03936354466951928
2023-10-11,-0.01579355717358441
2023-10-12,-0.07627357832411374
2023-10-13,-0.104797999677626
2023-10-16,-0.14963417823976188
2023-10-17,-0.15415158111204902
2023-10-18,-0.15763007933888457
2023-10-19,-0.1484405601843703
2023-10-20,-0.17043405378136428
2023-10-23,-0.18361197153284173
2023-10-24,-0.2084639840765062
2023-10-25,-0.23054940260301865
2023-10-26,-0.2504218547710064
2023-10-27,-0.26170797901537096
2023-10-30,-0.27585961889169563
2023-10-31,-0.283863536270644
2023-11-01,-0.30768649677562687
2023-11-02,-0.33547202249510527
2023-11-03,-0.36197438794137404
2023-11-06,-0.35513256173010116
2023-11-07,-0.33338664637051535
2023-11-08,-0.2956476313055504
2023-11-09,-0.2564862985147499
2023-11-10,-0.2244077595926846
2023-11-13,-0.21291068197124105
2023-11-14,-0.1972254025543401
2023-11-15,-0.1867608376536983
2023-11-16,-0.17898061962812423
2023-11-17,-0.15485761823037733
2023-11-20,-0.11641749992355684
2023-11-21,-0.08514703081787925
2023-11-22,-0.04918931512063812
2023-11-23,-0.015869695036227444
2023-11-24,0.003304155571841124
2023-11-27,0.008723475089974453
2023-11-28,0.005717855612297626
2023-11-29,-0.0038427166099706013
2023-11-30,-0.01147388077745794
2023-12-01,-0.017685535073014017
2023-12-04,-0.020371706531739604
2023-12-05,-0.022626862522694424
2023-12-06,-0.014531321266575659
2023-12-07,-0.009449461500139741
2023-12-08,-0.0006707368785654318
2023-12-11,0.007115953869554756
2023-12-12,0.018032777535505477
2023-12-13,0.002237127694678376
2023-12-14,0.024710439658824156
2023-12-15,0.053157740139484565
2023-12-18,0.07255782156050934
2023-12-19,0.07854089022592708
2023-12-20,0.10088157676415259
2023-12-21,0.0806981815152203
2023-12-22,0.04733412618715522
2023-12-25,0.018185394710105662
2023-12-26,0.0012300654171145543
2023-12-27,-0.01772675037958242
2023-12-28,-0.017973860347969967
2023-12-29,-0.01772144034630399
2024-01-01,-0.017349731296184716
2024-01-02,0.009317937194635379
2024-01-03,0.04830833729290651
2024-01-04,0.07331447526377721
2024-01-05,0.09679987627479927
2024-01-08,0.11779541495944283
2024-01-09,0.11189629559209421
2024-01-10,0.09539443501446383
2024-01-11,0.07578409701577693
2024-01-12,0.01757316708377506
2024-01-15,-0.03455620372809715
2024-01-16,-0.07932392873820784
2024-01-17,-0.10896269631245314
2024-01-18,-0.14082186309271144
2024-01-19,-0.12895910414966077
2024-01-22,-0.12056071487276845
2024-01-23,-0.12299326931251339
2024-01-24,-0.13468357101599557
2024-01-25,-0.1370065159467054
2024-01-26,-0.14911925262529363
2024-01-29,-0.15852830650022648
2024-01-30,-0.1560679626340263
2024-01-31,-0.17427807131315518
2024-02-01,-0.1918358276121969
2024-02-02,-0.19666334193294893
2024-02-05,-0.21248339403454514
2024-02-06,-0.23677053293016956
2024-02-07,-0.24751163589167563
2024-02-08,-0.26155590387571653
2024-02-09,-0.2753240017888333
2024-02-12,-0.27533620418196375
2024-02-13,-0.25587924660706884
2024-02-14,-0.2549840101984906
2024-02-15,-0.25462622363370835
2024-02-16,-0.2519673117517483
2024-02-19,-0.2516140452379492
2024-02-20,-0.2644394092308504
2024-02-21,-0.2659286958309352
2024-02-22,-0.2738972579253298
2024-02-23,-0.2892749632931356
2024-02-26,-0.3089919149998779
2024-02-27,-0.3361771690712088
2024-02-28,-0.35324937592664285
2024-02-29,-0.3666386434433934
2024-03-01,-0.3857967427830271
2024-03-04,-0.4040797259825867
2024-03-05,-0.4118199074082912
2024-03-06,-0.42117779223191654
2024-03-07,-0.4275810094506472
2024-03-08,-0.4209281924722765
2024-03-11,-0.40902658199606917
2024-03-12,-0.4125828627280275
2024-03-13,-0.412463651780577
2024-03-14,-0.40692378526471346
2024-03-15,-0.40261569194878566
2024-03-18,-0.40505531208161366
2024-03-19,-0.4029773050775101
2024-03-20,-0.4139849132224045
2024-03-21,-0.4275179583350276
2024-03-22,-0.4159104581492608
2024-03-25,-0.39978251560997075
2024-03-26,-0.37575023317123224
2024-03-27,-0.34157076314533696
2024-03-28,-0.3031433420839834
2024-03-29,-0.2907943229782378
2024-04-01,-0.2753070859493254
2024-04-02,-0.2605620211221315
2024-04-03,-0.24921676825668468
2024-04-04,-0.22766753552922436
2024-04-05,-0.21011620298042866
2024-04-08,-0.20370626082617704
2024-04-09,-0.20059182518185467
2024-04-10,-0.185044185416732
2024-04-11,-0.19592818636565418
2024-04-12,-0.18616453118252663
2024-04-15,-0.1638495555410983
2024-04-16,-0.14683321963940946
2024-04-17,-0.13660526424117497
2024-04-18,-0.11717648468236783
2024-04-19,-0.10957350985623707
2024-04-22,-0.13987850246464184
2024-04-23,-0.1939728317597036
2024-04-24,-0.25026032178620533
2024-04-25,-0.3110768350480986
2024-04-26,-0.3777961674634686
2024-04-29,-0.4040728729347651
2024-04-30,-0.3945913058854733
2024-05-01,-0.38818464249306045
2024-05-02,-0.3840027239953744
2024-05-03,-0.38646188903591755
2024-05-06,-0.3691379204302382
2024-05-07,-0.355492360241365
2024-05-08,-0.33929067001971075
2024-05-09,-0.3180064373545478
2024-05-10,-0.28873243158238165
2024-05-13,-0.28077302245819724
2024-05-14,-0.27735990316589987
2024-05-15,-0.27574347084320144
2024-05-16,-0.26892680180527323
2024-05-17,-0.2649088473100457
2024-05-20,-0.26826918136169514
2024-05-21,-0.26907005811995266
2024-05-22,-0.2627447808021289
2024-05-23,-0.2543582623794096
2024-05-24,-0.24789507664033392
2024-05-27,-0.2392777608799416
2024-05-28,-0.2363091162315989
2024-05-29,-0.23295292937604456
2024-05-30,-0.23085151125245273
2024-05-31,-0.23409022431448173
2024-06-03,-0.2366327412383411
2024-06-04,-0.25591576891036116
2024-06-05,-0.2861358005983586
2024-06-06,-0.3184840645054492
2024-06-07,-0.34448091739804654
2024-06-10,-0.3744487863050935
2024-06-11,-0.38005599861978734
2024-06-12,-0.3836633129779203
2024-06-13,-0.39666610247078316
2024-06-14,-0.39977944898489487
2024-06-17,-0.40243156209463293
2024-06-18,-0.41444597749010914
2024-06-19,-0.42130835144950785
2024-06-20,-0.41447326162194126
2024-06-21,-0.41556880597533913
2024-06-24,-0.41475333025270106
2024-06-25,-0.41319741458461656
2024-06-26,-0.4169087852300912
2024-06-27,-0.42672696317819964
2024-06-28,-0.43907389558408416
2024-07-01,-0.46387306834504133
2024-07-02,-0.4821779799377894
2024-07-03,-0.49318096034915326
2024-07-04,-0.5045418180190505
2024-07-05,-0.5138084872277952
2024-07-08,-0.5119188519488593
2024-07-09,-0.5104226698817353
2024-07-10,-0.5097908503228633
2024-07-11,-0.49484760124412547
2024-07-12,-0.4827656302431655
2024-07-15,-0.46922106775471234
2024-07-16,-0.4489723620281296
2024-07-17,-0.4201891805624512
2024-07-18,-0.3941091827348096
2024-07-19,-0.36028399856638027
2024-07-22,-0.339769935195625
2024-07-23,-0.33457834913661333
2024-07-24,-0.31782737748711465
2024-07-25,-0.28701205446242684
2024-07-26,-0.2665748970248476
2024-07-29,-0.22975331386846048
2024-07-30,-0.17490381877684785
2024-07-31,-0.13975828509115112
2024-08-01,-0.1070628742712006
2024-08-02,0.015591520059902908
2024-08-05,0.24623396739330122
2024-08-06,0.3962949104617833
2024-08-07,0.5442522886884467
2024-08-08,0.6422077825509038
2024-08-09,0.6362253159688483
2024-08-12,0.5201885047014632
2024-08-13,0.45486436510342043
2024-08-14,0.3773517617301324
2024-08-15,0.3355600361569575
2024-08-16,0.31206953765752365
2024-08-19,0.28768542626123833
2024-08-20,0.2894339684308086
2024-08-21,0.3025791287383184
2024-08-22,0.3184408625152034
2024-08-23,0.31868577037748996
2024-08-26,0.31480845311984723
2024-08-27,0.2921372281881608
2024-08-28,0.2810105045462084
2024-08-29,0.24889905159498865
2024-08-30,0.22364700446497016
2024-09-02,0.15655477089006234
2024-09-03,0.14505478832457228
2024-09-04,0.11581916707287891
2024-09-05,0.08731783103393163
2024-09-06,0.0808411565296974
2024-09-09,0.10850479066728021
2024-09-10,0.08775031093758956
2024-09-11,0.06348256510517655
2024-09-12,0.04144989714445413
2024-09-13,-0.008859144026291376
2024-09-16,-0.043964677656845794
2024-09-17,-0.07448820508861018
2024-09-18,-0.09154895389458742
2024-09-19,-0.11715403251997339
2024-09-20,-0.13001714073470455
2024-09-23,-0.15304830940680683
2024-09-24,-0.18105693412298723
2024-09-25,-0.21364950038483826
2024-09-26,-0.22207903012857333
2024-09-27,-0.22105318803261514
2024-09-30,-0.21220377054401682
2024-10-01,-0.17757871556318258
2024-10-02,-0.16208143661044588
2024-10-03,-0.1424273267280472
2024-10-04,-0.13216677290562015
2024-10-07,-0.1002346934556096
2024-10-08,-0.08173631365496767
2024-10-09,-0.041791210687765035
2024-10-10,-0.016558070124305584
2024-10-11,0.009415108869927228
2024-10-14,-0.000725773648615885
2024-10-15,0.021888061014990568
2024-10-16,0.03503225162418359
2024-10-17,0.042021084380885095
2024-10-18,0.047179831719692825
2024-10-21,0.06114612612544142
2024-10-22,0.03511788149357707
2024-10-23,0.019751806447187326
2024-10-24,0.015284916666386133
2024-10-25,0.018794691385839356
2024-10-28,0.01895300200756051
2024-10-29,0.016353203625973242
2024-10-30,0.022073069056743423
2024-10-31,0.04783450424940937
2024-11-01,0.05870444222982033
2024-11-04,0.08380966939017245
2024-11-05,0.10783556884812051
2024-11-06,0.1123958845719893
2024-11-07,0.10099824548353573
2024-11-08,0.11225978607239813
2024-11-11,0.1130760805559305
2024-11-12,0.12695349754898472
2024-11-13,0.12567093955177977
2024-11-14,0.12644487258854423
2024-11-15,0.12751301090908013
2024-11-18,0.12105453896884064
2024-11-19,0.11204216859750582
2024-11-20,0.134200151372543
2024-11-21,0.14826649477988443
2024-11-22,0.1433179311011083
2024-11-25,0.14235287665261062
2024-11-26,0.13039329442464395
2024-11-27,0.11448846297518181
2024-11-28,0.0961287491032939
2024-11-29,0.08403228629574537
2024-12-02,0.08168611915542379
2024-12-03,0.07561512211414549
2024-12-04,0.0735236171797845
2024-12-05,0.04382411673910293
2024-12-06,-0.006454857885849074
2024-12-09,-0.061143808364486615
2024-12-10,-0.10472369165426794
2024-12-11,-0.1932142383378088
2024-12-12,-0.25239657707722624
2024-12-13,-0.2900417552898668
2024-12-16,-0.32032371097124673
2024-12-17,-0.3452050286459056
2024-12-18,-0.24969847258982067
2024-12-19,-0.18576211931017142
2024-12-20,-0.1603216987374742
2024-12-23,-0.15946659039150052
2024-12-24,-0.1848636119328064
2024-12-25,-0.2944804500034981
2024-12-26,-0.36812529447566
2024-12-27,-0.3958051283473883
2024-12-30,-0.39662168752558075
2024-12-31,-0.3923976420311173
2025-01-01,-0.3900911229723406
2025-01-02,-0.3989790302239571
2025-01-03,-0.42137959747110465
2025-01-06,-0.4586851146273915
2025-01-07,-0.4755705679483618
2025-01-08,-0.4968458042631395
2025-01-09,-0.5108215160874251
2025-01-10,-0.5044925797727162
2025-01-13,-0.4971546860913172
2025-01-14,-0.5018061293445433
2025-01-15,-0.5151563060539408
2025-01-16,-0.5241913893899723
2025-01-17,-0.5475065326174697
2025-01-20,-0.5678853764801115
2025-01-21,-0.5321745692772935
2025-01-22,-0.48205848741470075
2025-01-23,-0.4375810970219514
2025-01-24,-0.37383905427499386
2025-01-27,-0.2865684766631092
2025-01-28,-0.2600660258482325
2025-01-29,-0.228889213297176
2025-01-30,-0.20134285333225094
2025-01-31,-0.18923543896189193
2025-02-03,-0.18309905325468584
2025-02-04,-0.1792265413900384
2025-02-05,-0.17399118128969102
2025-02-06,-0.16133259484297457
2025-02-07,-0.1402510180826429
2025-02-10,-0.1417593871152925
2025-02-11,-0.1306893997043628
2025-02-12,-0.12525833150410387
2025-02-13,-0.12080710884909329
2025-02-14,-0.12071007520898047
2025-02-17,-0.11005059348941978
2025-02-18,-0.09716601470641255
2025-02-19,-0.10550765159616518
2025-02-20,-0.10320255272533248
2025-02-21,-0.09262799524115331
2025-02-24,-0.10208255919870532
2025-02-25,-0.10780735113468867
2025-02-26,-0.09081699996218531
2025-02-27,-0.06698139454458465
2025-02-28,-0.07082893053562841
2025-03-03,-0.03279830078685732
2025-03-04,0.0038554083049831015
2025-03-05,0.029385934535508768
2025-03-06,0.04467951292968316
2025-03-07,0.05998981575620717
2025-03-10,0.08776322054329318
2025-03-11,0.10980713677154574
2025-03-12,0.12773379130056492
2025-03-13,0.13917717948515002
2025-03-14,0.1435676151336665
2025-03-17,0.09239805229798702
2025-03-18,0.050911204957005816
2025-03-19,0.003443721220980839
2025-03-20,-0.045409609484081875
2025-03-21,-0.08773182008658253
2025-03-24,-0.12503620668481044
2025-03-25,-0.1771267721964344
2025-03-26,-0.20004075883584366
2025-03-27,-0.2248984347932308
2025-03-28,-0.2217300490324551
2025-03-31,-0.19869313141636794
2025-04-01,-0.167459556595657
2025-04-02,-0.14962955909731143
2025-04-03,-0.07626280473468587
2025-04-04,0.09135581733698757
2025-04-07,0.26092989617189116
2025-04-08,0.45915308491782325
2025-04-09,0.523464764303125
2025-04-10,0.5942724407022666
2025-04-11,0.5440011591943201
2025-04-14,0.4376599996097803
2025-04-15,0.29682692511726516
2025-04-16,0.31348192875966596
2025-04-17,0.24843149344554397
2025-04-18,0.19317776308854825
2025-04-21,0.2036135897108827
2025-04-22,0.19986988746756404
2025-04-23,0.1754859547100978
2025-04-24,0.16032788522676797
2025-04-25,0.1358729092318219
2025-04-28,0.09366557353918865
2025-04-29,0.0700605102201046
2025-04-30,0.04903532738793661
2025-05-01,0.04046846210187847
2025-05-02,0.032096155238602694
2025-05-05,0.026406883052879627
2025-05-06,0.04429099958534316
2025-05-07,0.04781062036077841
2025-05-08,0.04322678963564264
2025-05-09,0.036030049148469856
2025-05-12,0.006948431914004727
2025-05-13,-0.052564475491530906
2025-05-14,-0.0957118344469906
2025-05-15,-0.13802889862707846
2025-05-16,-0.16694239290425872
2025-05-19,-0.17452537562381085
2025-05-20,-0.17720223305961344
2025-05-21,-0.1718441538479731
2025-05-22,-0.16503698850257809
2025-05-23,-0.13770936276974366
2025-05-26,-0.12621316763308463
2025-05-27,-0.12224427153131863
2025-05-28,-0.12994014631909862
2025-05-29,-0.13360698741700566
2025-05-30,-0.1594274888035415
2025-06-02,-0.1748196897746445
2025-06-03,-0.18413656605704304
2025-06-04,-0.22191680228801808
2025-06-05,-0.2517670464242031
2025-06-06,-0.2889283704873279
2025-06-09,-0.3223937375193337
2025-06-10,-0.36767460856524525
2025-06-11,-0.3810386189599003
2025-06-12,-0.3896927821991019
2025-06-13,-0.36683776513410216
2025-06-16,-0.3615069753165017
2025-06-17,-0.3207911085914175
2025-06-18,-0.2914355286470065
2025-06-19,-0.2635479907575046
2025-06-20,-0.2704425844818471
2025-06-23,-0.2780199973759041
2025-06-24,-0.32583118179689474
2025-06-25,-0.37305244913694413
2025-06-26,-0.43132026892755065
2025-06-27,-0.47918834122120846
2025-06-30,-0.5080635319097592
2025-07-01,-0.5134224398669474
2025-07-02,-0.5158009687804446
2025-07-03,-0.5149002648454559
2025-07-04,-0.5054331365199349
2025-07-07,-0.5024176810053984
2025-07-08,-0.5132935126567513
2025-07-09,-0.5212783321147803
2025-07-10,-0.5340628923749158
2025-07-11,-0.560677289033799
2025-07-14,-0.5804252706413656
2025-07-15,-0.5894419700082063
2025-07-16,-0.5989627729891394
2025-07-17,-0.6091002509558501
2025-07-18,-0.6115573841467183
2025-07-21,-0.6162165664255281
2025-07-22,-0.6219693667333688
2025-07-23,-0.6274086242458603
2025-07-24,-0.6299937950402901
2025-07-25,-0.6298565734148848
2025-07-28,-0.6298548863442519
2025-07-29,-0.622492586691092
2025-07-30,-0.6064402955783403
2025-07-31,-0.580159643681376
2025-08-01,-0.5376088404894002
2025-08-04,-0.49431730120807743
2025-08-05,-0.45352755368810466
2025-08-06,-0.42802608922165336
2025-08-07,-0.41294262476673016
2025-08-08,-0.4271674442251035
2025-08-11,-0.4359963958066898
2025-08-12,-0.4632223837609937
2025-08-13,-0.4823672504285753
2025-08-14,-0.49740523765242417
2025-08-15,-0.502850037293417
2025-08-18,-0.5157166259291011
2025-08-19,-0.5090425206488105
2025-08-20,-0.4990766235690513
2025-08-21,-0.4891848090417663
2025-08-22,-0.4957276874993345
2025-08-25,-0.49559409870476445
2025-08-26,-0.5120667760067711
2025-08-27,-0.5282270872234757
2025-08-28,-0.5456129288476016
2025-08-29,-0.5438289016501425
2025-09-01,-0.546412885137493
2025-09-02,-0.5438248466862363
2025-09-03,-0.54870878992325
2025-09-04,-0.5610478422116325
2025-09-05,-0.5760127267221719
2025-09-08,-0.5918082632307426
2025-09-09,-0.6013496105328207
2025-09-10,-0.600669003614767
2025-09-11,-0.5987804099375384
2025-09-12,-0.5964604725543274
2025-09-15,-0.5899410990173235
2025-09-16,-0.581657171522376
2025-09-17,-0.5819684064941059
2025-09-18,-0.5754754723639712
2025-09-19,-0.5733735342800292
2025-09-22,-0.5723009034833204
2025-09-23,-0.5768747942139989
2025-09-24,-0.5710899563237956
2025-09-25,-0.5603822646916431
2025-09-26,-0.5684689696400305
2025-09-29,-0.5671537801328442
2025-09-30,-0.5645664336651224
2025-10-01,-0.5708223259808018
2025-10-02,-0.5813257859827405
2025-10-03,-0.5683234022159633
2025-10-06,-0.5750061808886304
2025-10-07,-0.5728764626728612
2025-10-08,-0.5748089706593579
2025-10-09,-0.5774440274891395
2025-10-10,-0.5419353311855848
2025-10-13,-0.5196656428779141
2025-10-14,-0.4938428393334716
2025-10-15,-0.4592699383220804
2025-10-16,-0.3999914602314671
2025-10-17,-0.4109086243475645
2025-10-20,-0.4177606836861587
2025-10-21,-0.43660208507084075
2025-10-22,-0.45153954037585853
2025-10-23,-0.5144670811078683
2025-10-24,-0.5530720735395691
2025-10-27,-0.5768211626752786
2025-10-28,-0.5949984043369858
2025-10-29,-0.6132954468046112
2025-10-30,-0.6078606168061637
2025-10-31,-0.5904081903265225
2025-11-03,-0.5754690365401225
2025-11-04,-0.5495302792822874
2025-11-05,-0.5376603200988892
2025-11-06,-0.5176964624363223
2025-11-07,-0.5079630121006484
2025-11-10,-0.5062124212455824
2025-11-11,-0.5216293473646807
2025-11-12,-0.524588099244502
2025-11-13,-0.5192490089848135
2025-11-14,-0.5078962680321469
2025-11-17,-0.4670921363977831
2025-11-18,-0.4093937874290952
2025-11-19,-0.3638749172329085
2025-11-20,-0.3192385690922467
2025-11-21,-0.2959321210631667
2025-11-24,-0.3138814202635279
2025-11-25,-0.3564527710496673
2025-11-26,-0.3994134288815541
2025-11-27,-0.4611855157113398
2025-11-28,-0.5117199950010906
2025-12-01,-0.5353590246264143
2025-12-02,-0.557385767201023
2025-12-03,-0.5762114624565162
2025-12-04,-0.5959594802575319
2025-12-05,-0.6080351534121197
2025-12-08,-0.6174489608658775
2025-12-09,-0.6135516666601557
2025-12-10,-0.6142023870207787
2025-12-11,-0.6231772406781662
2025-12-12,-0.6333681843282026
2025-12-15,-0.6454845664904825
2025-12-16,-0.6662266350026044
2025-12-17,-0.668931453796095
2025-12-18,-0.6683578337878343
2025-12-19,-0.6794824261059816
2025-12-22,-0.705156454621308
2025-12-23,-0.725127452235595
2025-12-24,-0.7635320917020832
2025-12-25,-0.7979961533240216
2025-12-26,-0.8173427924903157
