Date,EXPOSURE_RATIO
2015-01-02,100.0
2015-01-05,101.47266946877514
2015-01-06,101.1795586155531
2015-01-07,102.56540828264873
2015-01-08,101.5909754768177
2015-01-09,102.02557489288431
2015-01-12,101.90689710381729
2015-01-13,103.65774364037293
2015-01-14,103.18313583196633
2015-01-15,105.17719675235655
2015-01-16,103.20469314174778
2015-01-20,101.86299461057524
2015-01-21,104.57922909644905
2015-01-22,104.88824841038928
2015-01-23,105.20197852417863
2015-01-26,104.90820193743949
2015-01-27,104.26838832806024
2015-01-28,103.70206015168246
2015-01-29,103.4354827957091
2015-01-30,101.9109302141535
2015-02-02,102.37297489069962
2015-02-03,102.95888963424345
2015-02-04,104.22190829527158
2015-02-05,102.8455379461788
2015-02-06,100.80485604545979
2015-02-09,101.017194438404
2015-02-10,100.40516943220659
2015-02-11,100.29930307992024
2015-02-12,100.75939632504702
2015-02-13,100.9807467984232
2015-02-17,101.19746976092712
2015-02-18,101.09400107559283
2015-02-19,101.07232068806424
2015-02-20,101.09943622820445
2015-02-23,100.27370131982876
2015-02-24,101.22293726879596
2015-02-25,100.70350809262652
2015-02-26,102.05838506999257
2015-02-27,102.3838494394243
2015-03-02,101.95072914990445
2015-03-03,99.68610482747707
2015-03-04,98.51388374850725
2015-03-05,97.6568749182903
2015-03-06,98.00477615314584
2015-03-09,98.73568297480104
2015-03-10,98.03148034170998
2015-03-11,98.50253480941593
2015-03-12,98.2416740301808
2015-03-13,99.3506789319727
2015-03-16,99.8130612098674
2015-03-17,100.537258927869
2015-03-18,101.0760380766563
2015-03-19,101.5156094532632
2015-03-20,101.07052907360922
2015-03-23,100.94070851119137
2015-03-24,101.04111251883374
2015-03-25,101.37526465671989
2015-03-26,101.52166022047578
2015-03-27,102.79227184509068
2015-03-30,105.41754848329165
2015-03-31,105.53878298728847
2015-04-01,107.8216763030997
2015-04-02,108.52853176166124
2015-04-06,109.12482082599364
2015-04-07,109.76946428276403
2015-04-08,116.12400430790504
2015-04-09,120.07545653027599
2015-04-10,118.652791406244
2015-04-13,120.48266059427984
2015-04-14,119.4328076816008
2015-04-15,119.71545845584257
2015-04-16,121.82547192812795
2015-04-17,118.0520252053256
2015-04-20,117.87169005469109
2015-04-21,120.56407934372785
2015-04-22,122.04782440734374
2015-04-23,120.4866497809335
2015-04-24,120.37003762041343
2015-04-27,122.71174409181589
2015-04-28,122.32291219240436
2015-04-29,121.12721161961599
2015-04-30,120.8232205799713
2015-05-01,120.62180628556236
2015-05-04,121.23137252470377
2015-05-05,118.21984662801883
2015-05-06,116.30283307520936
2015-05-07,115.79361686643539
2015-05-08,117.1177414757085
2015-05-11,116.65421388433906
2015-05-12,116.34991241661186
2015-05-13,114.97263652388455
2015-05-14,114.82666379349915
2015-05-15,116.87348357741398
2015-05-18,114.78459169675492
2015-05-19,116.38856188516517
2015-05-20,115.34113346301996
2015-05-21,114.54659244324942
2015-05-22,118.27651971825486
2015-05-26,120.1675351762158
2015-05-27,118.92224837945147
2015-05-28,114.7377397381907
2015-05-29,113.31699540520195
2015-06-01,114.33903679457104
2015-06-02,114.47594281193776
2015-06-03,114.96060288851862
2015-06-04,115.21605121577885
2015-06-05,114.52490935143274
2015-06-08,116.29264865264253
2015-06-09,114.70872501587867
2015-06-10,112.27932038383439
2015-06-11,112.89229999687451
2015-06-12,114.72112230633023
2015-06-15,111.71857708801056
2015-06-16,109.66580208107206
2015-06-17,109.81496011102556
2015-06-18,108.89230223444821
2015-06-19,108.38180311914607
2015-06-22,109.23517519803438
2015-06-23,111.69107311082949
2015-06-24,112.7623526644866
2015-06-25,111.2351968030246
2015-06-26,108.09835140832303
2015-06-29,107.52261298759593
2015-06-30,109.92083467936055
2015-07-01,108.17154851625614
2015-07-02,108.46011103265423
2015-07-06,104.09216372594594
2015-07-07,99.00571431576813
2015-07-08,93.47177591359389
2015-07-09,97.97411888250844
2015-07-10,101.1559531165442
2015-07-13,100.40263014106567
2015-07-14,99.52630445734589
2015-07-15,97.25217939216112
2015-07-16,98.35070271306598
2015-07-17,98.9604177310119
2015-07-20,98.28583069603015
2015-07-21,99.09295810368192
2015-07-22,98.2493649245782
2015-07-23,98.78220567931193
2015-07-24,98.49607448379324
2015-07-27,95.25102579407098
2015-07-28,95.64278038224771
2015-07-29,96.10710467734228
2015-07-30,94.6175473857093
2015-07-31,94.3883258980137
2015-08-03,93.3273694728034
2015-08-04,94.16650430781566
2015-08-05,94.51142926376352
2015-08-06,94.49065485565217
2015-08-07,95.66377993560869
2015-08-10,96.59468987508318
2015-08-11,96.20404329420144
2015-08-12,93.99792258748933
2015-08-13,94.82076480915991
2015-08-14,94.757914432185
2015-08-17,93.62547366710841
2015-08-18,91.93395753713392
2015-08-19,90.59314941303023
2015-08-20,90.23912640641421
2015-08-21,90.70765476865303
2015-08-24,88.66001237196969
2015-08-25,91.76008880626712
2015-08-26,90.33610459989
2015-08-27,92.29360137462221
2015-08-28,89.55505350037554
2015-08-31,89.16709280961615
2015-09-01,87.73846847791616
2015-09-02,87.08370906664989
2015-09-03,87.52338547393606
2015-09-04,85.58093453667487
2015-09-08,89.37493737832123
2015-09-09,90.68702370553466
2015-09-10,90.37163366539625
2015-09-11,90.66134412931959
2015-09-14,90.09751156817482
2015-09-15,90.14766440317871
2015-09-16,92.0456611523166
2015-09-17,91.19637847978149
2015-09-18,90.66280076047005
2015-09-21,91.48916890216482
2015-09-22,91.08065712761405
2015-09-23,89.94021287798031
2015-09-24,89.55788562612645
2015-09-25,89.2771853183349
2015-09-28,89.91333941587051
2015-09-29,89.78290690455879
2015-09-30,90.38068773788457
2015-10-01,90.75542988579025
2015-10-02,92.67495270542486
2015-10-05,92.6784268615871
2015-10-06,91.61457006534684
2015-10-07,94.6657724844668
2015-10-08,94.25569079318772
2015-10-09,93.7629767597117
2015-10-12,93.74722465204495
2015-10-13,93.12259261518368
2015-10-14,93.9631847094735
2015-10-15,95.60690040905128
2015-10-16,95.5104692755685
2015-10-19,94.55116804487757
2015-10-20,94.79238983894373
2015-10-21,93.98103909668983
2015-10-22,94.44176431909814
2015-10-23,94.99433221074943
2015-10-26,93.15252391636669
2015-10-27,92.60024131551465
2015-10-28,90.57728567247821
2015-10-29,89.74080919125791
2015-10-30,89.87092413433476
2015-11-02,89.56280089244657
2015-11-03,89.39639949270901
2015-11-04,90.80581953175133
2015-11-05,91.33803457358954
2015-11-06,90.5489830950604
2015-11-09,89.57152223207491
2015-11-10,88.75661931172371
2015-11-11,89.1304637445906
2015-11-12,90.3207912506831
2015-11-13,89.51422114481963
2015-11-16,89.50321999101439
2015-11-17,89.1645731150677
2015-11-18,88.38019981137325
2015-11-19,88.57356324618344
2015-11-20,89.74499791711706
2015-11-23,88.86704109488298
2015-11-24,88.77157670273648
2015-11-25,88.57433090299362
2015-11-27,86.04959722171816
2015-11-30,87.62501532959318
2015-12-01,87.21453170841212
2015-12-02,87.36441858772828
2015-12-03,87.96396836908356
2015-12-04,87.02661923034734
2015-12-07,86.24464796542631
2015-12-08,85.50681603827756
2015-12-09,85.27363953013234
2015-12-10,84.24764740456588
2015-12-11,83.51821951879451
2015-12-14,84.32573014259789
2015-12-15,84.87859858674793
2015-12-16,85.13332054149916
2015-12-17,85.4019251044888
2015-12-18,87.77602687651525
2015-12-21,87.98023457931252
2015-12-22,87.33533566351976
2015-12-23,88.00058036138661
2015-12-24,87.92900327634023
2015-12-28,86.70424857480319
2015-12-29,86.07569084424823
2015-12-30,85.29309159637427
2015-12-31,85.86296882679166
2016-01-04,84.26728241803393
2016-01-05,83.65693987327664
2016-01-06,82.87948067396307
2016-01-07,81.67040913299465
2016-01-08,81.72390136598038
2016-01-11,81.20416314894595
2016-01-12,80.4261602961495
2016-01-13,80.95972693804123
2016-01-14,80.7892812135915
2016-01-15,78.70548925381003
2016-01-19,80.55268410837839
2016-01-20,78.71279280242864
2016-01-21,78.80570528959029
2016-01-22,80.00726542054568
2016-01-25,79.2790797684608
2016-01-26,78.75966910977941
2016-01-27,78.51891451305232
2016-01-28,79.26611940037145
2016-01-29,79.88910737807824
2016-02-01,78.20182309146078
2016-02-02,77.60245772733946
2016-02-03,78.38459973530892
2016-02-04,77.53698703401139
2016-02-05,78.46215036811033
2016-02-08,77.95436977897103
2016-02-09,77.22791502408501
2016-02-10,77.8300850162638
2016-02-11,77.14690221678049
2016-02-12,77.26293490542369
2016-02-16,79.1692072906619
2016-02-17,79.10552205869604
2016-02-18,78.68196074763706
2016-02-19,78.6930158938524
2016-02-22,79.75995706644434
2016-02-23,78.76840773587163
2016-02-24,78.17858197517596
2016-02-25,76.98934914695208
2016-02-26,77.34490314769076
2016-02-29,77.59751548854585
2016-03-01,78.54448196915305
2016-03-02,79.88815481321546
2016-03-03,79.6507675210128
2016-03-04,81.64452653317797
2016-03-07,80.63971651384387
2016-03-08,79.65474294657962
2016-03-09,79.56176816988553
2016-03-10,78.87653281161249
2016-03-11,80.38830524204567
2016-03-14,80.58947272175516
2016-03-15,80.23033384453417
2016-03-16,80.67125879039627
2016-03-17,81.10808654775914
2016-03-18,81.32181911066446
2016-03-21,81.27890316286918
2016-03-22,80.67126461666506
2016-03-23,80.06584708182238
2016-03-24,79.54253139081672
2016-03-28,80.15111898576738
2016-03-29,80.21043543370128
2016-03-30,81.05771837752555
2016-03-31,81.08680761898567
2016-04-01,80.08507347805762
2016-04-04,79.36424415897399
2016-04-05,78.35232887929398
2016-04-06,78.96416303446364
2016-04-07,78.39613712665492
2016-04-08,79.1987795900367
2016-04-11,80.32848661856588
2016-04-12,80.68969285962454
2016-04-13,83.01449717473795
2016-04-14,82.84440775970792
2016-04-15,81.89112717569499
2016-04-18,81.83859347244984
2016-04-19,82.56867331518262
2016-04-20,81.55058105364216
2016-04-21,81.42478740968357
2016-04-22,81.11780310880005
2016-04-25,80.28790953677603
2016-04-26,80.64118528591409
2016-04-27,81.0648441067466
2016-04-28,81.04608293263513
2016-04-29,80.19448099879276
2016-05-02,79.41971625787224
2016-05-03,78.17809250822528
2016-05-04,77.62972427816842
2016-05-05,77.76523236473842
2016-05-06,77.02594845577623
2016-05-09,75.7879129241427
2016-05-10,76.585351381089
2016-05-11,76.0180958273568
2016-05-12,75.8526978932652
2016-05-13,75.2903288901645
2016-05-16,76.01061778179782
2016-05-17,76.26902515267189
2016-05-18,75.64462895040754
2016-05-19,75.49681751772577
2016-05-20,75.98345624272949
2016-05-23,75.9187800946116
2016-05-24,76.39549167419898
2016-05-25,77.27196919791957
2016-05-26,76.9669463320777
2016-05-27,77.08344430996974
2016-05-31,79.13527577291902
2016-06-01,78.48059532335157
2016-06-02,78.92097975606292
2016-06-03,79.2513038483283
2016-06-06,79.85409490417885
2016-06-07,80.75536723581861
2016-06-08,80.72537256998937
2016-06-09,80.37037113471166
2016-06-10,78.95464590462541
2016-06-13,77.88742166585797
2016-06-14,78.2544138561317
2016-06-15,78.48243653986138
2016-06-16,78.03576717334363
2016-06-17,77.99463285860332
2016-06-20,78.86550441409919
2016-06-21,79.43471781065917
2016-06-22,80.22991452442557
2016-06-23,81.12221694132357
2016-06-24,79.05811704276047
2016-06-27,80.22730755370782
2016-06-28,80.70433081545035
2016-06-29,80.78895818444477
2016-06-30,80.78736345224033
2016-07-01,81.23054423975061
2016-07-05,79.96820226637071
2016-07-06,79.30270370797517
2016-07-07,78.97426536850647
2016-07-08,79.49004066857188
2016-07-11,79.81319442619227
2016-07-12,80.84818999384463
2016-07-13,80.51431374210497
2016-07-14,81.37160678669957
2016-07-15,81.25180015244891
2016-07-18,81.69671073954983
2016-07-19,80.24720754074485
2016-07-20,80.87133614623461
2016-07-21,81.1093474690801
2016-07-22,81.17972128984832
2016-07-25,80.73883646943973
2016-07-26,81.6598530355353
2016-07-27,81.42684936174732
2016-07-28,80.89945924828882
2016-07-29,80.7007023262186
2016-08-01,80.49409930732413
2016-08-02,80.7608154628693
2016-08-03,80.79997889803793
2016-08-04,80.89690332390578
2016-08-05,81.4646508259836
2016-08-08,81.96683112772818
2016-08-09,82.68866341274067
2016-08-10,82.41662012428631
2016-08-11,83.77752244944594
2016-08-12,84.03148526713167
2016-08-15,85.68595637010299
2016-08-16,85.74449390646949
2016-08-17,84.9946805213088
2016-08-18,85.5500604451476
2016-08-19,85.20007929470717
2016-08-22,84.43456263553622
2016-08-23,84.24232054415934
2016-08-24,84.2667751469262
2016-08-25,84.25668492206466
2016-08-26,84.05149955082956
2016-08-29,84.27380476514
2016-08-30,84.95740064989194
2016-08-31,84.28971929695406
2016-09-01,84.92285436516576
2016-09-02,86.24025579245367
2016-09-06,87.28996364069093
2016-09-07,87.27535243515635
2016-09-08,88.31245761418273
2016-09-09,88.64616971622435
2016-09-12,87.50666041856728
2016-09-13,86.41729029091984
2016-09-14,86.44970523069314
2016-09-15,87.17945726872145
2016-09-16,87.01041744994328
2016-09-19,87.17855784005441
2016-09-20,87.35893967809378
2016-09-21,88.5077898236142
2016-09-22,88.27075052157588
2016-09-23,87.27628952533057
2016-09-26,86.17476467210889
2016-09-27,86.73869917058306
2016-09-28,87.03717408481111
2016-09-29,86.9149560977854
2016-09-30,86.4687307239857
2016-10-03,86.76831382382014
2016-10-04,86.50240251808111
2016-10-05,88.2206793076298
2016-10-06,88.47857223135546
2016-10-07,88.07376469137529
2016-10-10,88.86940887250232
2016-10-11,87.33178454039225
2016-10-12,87.10221202653906
2016-10-13,86.00243733688153
2016-10-14,86.78924031825737
2016-10-17,86.30389264192964
2016-10-18,87.17131538930899
2016-10-19,87.03126074722695
2016-10-20,87.07898804221706
2016-10-21,86.9922937417966
2016-10-24,87.2650447462606
2016-10-25,87.23681107449285
2016-10-26,86.5374806792013
2016-10-27,86.00715227835977
2016-10-28,85.31285936962394
2016-10-31,85.33200018593816
2016-11-01,86.51440585684827
2016-11-02,85.9122057894226
2016-11-03,86.16581611932543
2016-11-04,85.50583325929414
2016-11-07,86.24604959570694
2016-11-08,86.47985079801049
2016-11-09,83.54870115876824
2016-11-10,82.54678808326685
2016-11-11,81.80530040044464
2016-11-14,81.24127956215835
2016-11-15,81.73943724220882
2016-11-16,80.92209391046468
2016-11-17,80.82279702575057
2016-11-18,80.93648970344407
2016-11-21,81.00040383873099
2016-11-22,82.27018655365848
2016-11-23,81.91332413345846
2016-11-25,82.38754422010815
2016-11-28,83.0886366692982
2016-11-29,83.43921590460151
2016-11-30,83.93013574718859
2016-12-01,84.23975837207217
2016-12-02,83.5704256877665
2016-12-05,82.95992954802138
2016-12-06,82.69797173132163
2016-12-07,82.57224561211618
2016-12-08,82.37055317731071
2016-12-09,81.39807165855098
2016-12-12,79.62120783992326
2016-12-13,79.95751934608269
2016-12-14,78.85849253784875
2016-12-15,77.84094079635088
2016-12-16,77.16744294222457
2016-12-19,76.69614240841457
2016-12-20,76.12049992417336
2016-12-21,76.07292456756186
2016-12-22,75.40533386048668
2016-12-23,75.09615623955303
2016-12-27,75.08667889367871
2016-12-28,76.40171669495264
2016-12-29,77.41959484840373
2016-12-30,77.48036326062045
2017-01-03,77.8668478858993
2017-01-04,78.19909802977347
2017-01-05,79.38530648483385
2017-01-06,78.50936633241842
2017-01-09,78.87953622120521
2017-01-10,79.91510891832243
2017-01-11,80.26113420696929
2017-01-12,80.37500488214994
2017-01-13,80.36669683935455
2017-01-17,80.27598248101216
2017-01-18,80.49505985180126
2017-01-19,80.46306895267794
2017-01-20,79.8604145408108
2017-01-23,80.46592460786871
2017-01-24,80.28216340703847
2017-01-25,79.94099157450148
2017-01-26,80.17693709246309
2017-01-27,80.23761387870385
2017-01-30,80.4313549980471
2017-01-31,80.46033430126376
2017-02-01,80.38465717135504
2017-02-02,80.35366213143625
2017-02-03,79.6948185811049
2017-02-06,80.1862689160412
2017-02-07,80.13915196932702
2017-02-08,81.2096897444228
2017-02-09,81.81259658166437
2017-02-10,81.92205714857415
2017-02-13,81.99308055562106
2017-02-14,81.64548117407168
2017-02-15,82.4533480585391
2017-02-16,82.35356681583785
2017-02-17,81.62965444115733
2017-02-21,81.90594889876182
2017-02-22,82.42225428000208
2017-02-23,82.21871630469747
2017-02-24,81.22932560207148
2017-02-27,80.59751779498278
2017-02-28,80.6046809371022
2017-03-01,80.32434939030256
2017-03-02,79.09528559415536
2017-03-03,79.25477816153543
2017-03-06,79.42852994064016
2017-03-07,79.91910606255031
2017-03-08,79.96228111976593
2017-03-09,78.93412905729251
2017-03-10,79.03637246663675
2017-03-13,80.27634722515762
2017-03-14,80.33199602590176
2017-03-15,81.00010387676963
2017-03-16,82.31050769405323
2017-03-17,82.03611013970695
2017-03-20,83.09139696453526
2017-03-21,83.25813077956845
2017-03-22,83.31714901470308
2017-03-23,83.30002511429504
2017-03-24,83.38180108587325
2017-03-27,83.06341926418457
2017-03-28,82.82222809869783
2017-03-29,82.44960890179345
2017-03-30,81.57816053381654
2017-03-31,81.11522013100095
2017-04-03,81.74208107112793
2017-04-04,81.90094367777864
2017-04-05,82.31446723450595
2017-04-06,81.70388560501961
2017-04-07,81.8295129020715
2017-04-10,81.29526873269297
2017-04-11,80.99057374333687
2017-04-12,81.43192021436155
2017-04-13,81.75058137285605
2017-04-17,81.4562662240243
2017-04-18,80.29802198088758
2017-04-19,79.97774606023074
2017-04-20,80.38754507634714
2017-04-21,80.39041182170816
2017-04-24,79.95580638128365
2017-04-25,80.55537367722016
2017-04-26,80.64777768096589
2017-04-27,80.24699963327713
2017-04-28,80.40142138750164
2017-05-01,80.34499609003231
2017-05-02,80.04421497197123
2017-05-03,79.76657466334096
2017-05-04,78.54940115415152
2017-05-05,78.28283391988138
2017-05-08,78.04713562429332
2017-05-09,79.46749903563543
2017-05-10,80.11208907569237
2017-05-11,80.21382506734128
2017-05-12,81.20043368478068
2017-05-15,81.80877697347988
2017-05-16,81.69747863505829
2017-05-17,81.9935557869639
2017-05-18,81.91638269788558
2017-05-19,82.22090028865696
2017-05-22,82.19964191985083
2017-05-23,81.91468926351608
2017-05-24,81.74465963073872
2017-05-25,82.69155483141327
2017-05-26,82.6881133515542
2017-05-30,83.00684867509412
2017-05-31,82.59537187805229
2017-06-01,82.67865105001047
2017-06-02,82.44509413557961
2017-06-05,82.03757551073296
2017-06-06,82.83177994687072
2017-06-07,82.41371949051326
2017-06-08,82.74003855335751
2017-06-09,82.1310288007463
2017-06-12,81.41295341068113
2017-06-13,81.48406431902538
2017-06-14,81.2213238572742
2017-06-15,80.44044914761707
2017-06-16,80.64702146211322
2017-06-19,81.11275813287165
2017-06-20,80.7562361937011
2017-06-21,80.69441654899418
2017-06-22,81.26264303704124
2017-06-23,81.22696511033922
2017-06-26,82.11245832986688
2017-06-27,81.9562886045355
2017-06-28,81.63710850234442
2017-06-29,81.51740859983208
2017-06-30,81.55055899196668
2017-07-03,82.25306179511142
2017-07-05,81.73606878481444
2017-07-06,81.54084103874146
2017-07-07,80.97438629403862
2017-07-10,81.03095709288036
2017-07-11,82.62890082409366
2017-07-12,83.74242620665004
2017-07-13,83.80510875232427
2017-07-14,84.71026226811384
2017-07-17,84.37678869067801
2017-07-18,84.21086551978576
2017-07-19,84.78272210834174
2017-07-20,84.56416006029667
2017-07-21,84.55902978485493
2017-07-24,84.88136962316473
2017-07-25,84.49490379278598
2017-07-26,85.33441162682206
2017-07-27,85.11249031054807
2017-07-28,85.31299895242645
2017-07-31,85.60285144149515
2017-08-01,86.39632177110494
2017-08-02,86.13368403732645
2017-08-03,86.16033792995866
2017-08-04,85.98356719393304
2017-08-07,86.14453782957264
2017-08-08,86.97965342017886
2017-08-09,86.30026944241258
2017-08-10,85.03021911815743
2017-08-11,85.04720841775914
2017-08-14,84.95763324182397
2017-08-15,84.76654232263789
2017-08-16,85.90591754783773
2017-08-17,85.6322496109692
2017-08-18,85.95045618217026
2017-08-21,86.84408922302067
2017-08-22,87.26043259938999
2017-08-23,88.02111604136627
2017-08-24,88.55239722098871
2017-08-25,89.76732027469696
2017-08-28,89.80427485860565
2017-08-29,89.78270722686248
2017-08-30,89.35936286663484
2017-08-31,88.76479754270305
2017-09-01,88.67948560310003
2017-09-05,88.08998794438915
2017-09-06,88.15226061130261
2017-09-07,88.44460217190665
2017-09-08,88.18613575841172
2017-09-11,88.72997887226703
2017-09-12,88.15386748667332
2017-09-13,87.49627923964768
2017-09-14,87.3852873958621
2017-09-15,87.92217146908101
2017-09-18,88.68533960168955
2017-09-19,88.71523558552934
2017-09-20,88.84137348282056
2017-09-21,89.29800701105923
2017-09-22,88.3094622422335
2017-09-25,86.1282315947611
2017-09-26,86.77071135961957
2017-09-27,86.75028559256849
2017-09-28,85.91605962100603
2017-09-29,86.61818008212198
2017-10-02,86.5181608262672
2017-10-03,88.97147106765513
2017-10-04,89.08073666400463
2017-10-05,89.97244219573794
2017-10-06,89.00663682224994
2017-10-09,88.78417788209529
2017-10-10,89.32680548556152
2017-10-11,88.83792776354014
2017-10-12,89.00928054300334
2017-10-13,89.59880400489034
2017-10-16,89.61496220960564
2017-10-17,89.01026023459733
2017-10-18,89.79272257439881
2017-10-19,88.01028670025345
2017-10-20,88.67309951281457
2017-10-23,87.99679739821768
2017-10-24,87.880982509583
2017-10-25,88.45363368285442
2017-10-26,88.28145594507487
2017-10-27,89.13776902098654
2017-10-30,88.08534399950334
2017-10-31,88.25580588706472
2017-11-01,88.71497618611237
2017-11-02,89.10251263934028
2017-11-03,88.48101788177972
2017-11-06,88.668783075586
2017-11-07,89.24626573168146
2017-11-08,89.22822339074081
2017-11-09,89.6487634878235
2017-11-10,90.21265762425502
2017-11-13,89.82279999217589
2017-11-14,88.99661421928315
2017-11-15,88.34599568151647
2017-11-16,89.2444255145472
2017-11-17,89.0858859092412
2017-11-20,89.85235851191928
2017-11-21,91.6629599687455
2017-11-22,91.91530606643981
2017-11-24,90.98232594720398
2017-11-27,89.56568415570888
2017-11-28,89.39931519820297
2017-11-29,87.70453521245932
2017-11-30,86.08565691253138
2017-12-01,85.59208769836823
2017-12-04,85.77059560794773
2017-12-05,86.13651710431115
2017-12-06,84.20555221727811
2017-12-07,83.80988956053648
2017-12-08,84.75112112599165
2017-12-11,85.22016279387215
2017-12-12,84.18095618864002
2017-12-13,86.0242418705522
2017-12-14,85.57743159944623
2017-12-15,84.39109440975965
2017-12-18,84.28089613387432
2017-12-19,84.42185040466994
2017-12-20,84.24515287831757
2017-12-21,85.64973418159873
2017-12-22,86.17817454555215
2017-12-26,86.28139794127179
2017-12-27,85.69554278847659
2017-12-28,86.23082861183065
2017-12-29,86.74506059778176
2018-01-02,89.1133422109474
2018-01-03,89.31326823934872
2018-01-04,89.23375829797116
2018-01-05,89.00978166902294
2018-01-08,89.15846038899733
2018-01-09,88.70145532199936
2018-01-10,88.92882597955627
2018-01-11,88.90206437104922
2018-01-12,89.8236495058253
2018-01-16,90.14982669245384
2018-01-17,90.94835222284479
2018-01-18,91.73013476636763
2018-01-19,92.83450148534673
2018-01-22,92.60011926547737
2018-01-23,93.8552580890618
2018-01-24,94.45829798688095
2018-01-25,93.16172743211682
2018-01-26,94.47485303860276
2018-01-29,93.08003652105128
2018-01-30,92.49650919117262
2018-01-31,93.6777339355209
2018-02-01,92.43097959384181
2018-02-02,92.95897025680235
2018-02-05,94.7558506738649
2018-02-06,94.58309651575895
2018-02-07,90.02273871595987
2018-02-08,89.61928265639796
2018-02-09,88.42720923100981
2018-02-12,88.22454933534681
2018-02-13,88.00567752519642
2018-02-14,89.47463244371593
2018-02-15,90.64277107277182
2018-02-16,90.63456120539828
2018-02-20,89.3582329410857
2018-02-21,91.12314367198265
2018-02-22,90.44893591886506
2018-02-23,90.70894141217481
2018-02-26,90.82242149534223
2018-02-27,88.06105647382621
2018-02-28,87.15345343058611
2018-03-01,88.51434301603508
2018-03-02,88.06037431030256
2018-03-05,87.0357972765994
2018-03-06,87.49554771086221
2018-03-07,87.30704108498638
2018-03-08,87.21588586161619
2018-03-09,88.11531799527086
2018-03-12,88.42404975640527
2018-03-13,87.74903648406631
2018-03-14,88.7115809703199
2018-03-15,89.35532376349101
2018-03-16,89.58635505469304
2018-03-19,89.6704340840538
2018-03-20,90.73461933600986
2018-03-21,90.48439861349858
2018-03-22,89.24359149110896
2018-03-23,88.96167543400544
2018-03-26,89.92670710072471
2018-03-27,90.17993186473419
2018-03-28,89.65917808965668
2018-03-29,89.64765375351082
2018-04-02,89.62758737649213
2018-04-03,89.87219635736936
2018-04-04,88.84502971484622
2018-04-05,88.33735482907606
2018-04-06,88.38966818591258
2018-04-09,89.02765042397053
2018-04-10,90.40283589345086
2018-04-11,90.99284743128753
2018-04-12,90.58836648050162
2018-04-13,89.64946647834776
2018-04-16,87.81628074078344
2018-04-17,86.92367546738097
2018-04-18,86.65622036132473
2018-04-19,87.43680166131213
2018-04-20,86.94829024867067
2018-04-23,86.90515351668591
2018-04-24,89.19288793400585
2018-04-25,88.2342259845589
2018-04-26,87.74007802531412
2018-04-27,87.8076514472759
2018-04-30,88.60145760771736
2018-05-01,88.35008103410694
2018-05-02,88.70094152779664
2018-05-03,88.32634902101476
2018-05-04,87.36641165554035
2018-05-07,86.60409348498615
2018-05-08,87.87632330040648
2018-05-09,87.868894007791
2018-05-10,88.1563786116306
2018-05-11,88.14442345727542
2018-05-14,88.96225698000156
2018-05-15,88.06872441933544
2018-05-16,89.14905023393402
2018-05-17,87.73734486467643
2018-05-18,88.14131595326899
2018-05-21,88.19598656154471
2018-05-22,87.98390732182484
2018-05-23,86.79255686744487
2018-05-24,86.4398304082783
2018-05-25,86.46283738521635
2018-05-29,85.59393156071154
2018-05-30,84.85144529200677
2018-05-31,86.07483119490148
2018-06-01,86.29661563471733
2018-06-04,87.14199598376217
2018-06-05,87.24198277937603
2018-06-06,87.79678952971949
2018-06-07,87.26618258774542
2018-06-08,86.54222865999893
2018-06-11,86.08665923851468
2018-06-12,85.8681450694762
2018-06-13,84.81385585894445
2018-06-14,84.3321153404747
2018-06-15,83.9733967981095
2018-06-18,83.13980730719219
2018-06-19,82.22552853382723
2018-06-20,81.62911347862149
2018-06-21,80.19700680370381
2018-06-22,81.04115280529977
2018-06-25,80.3936908277695
2018-06-26,80.12336770637619
2018-06-27,78.52970018382736
2018-06-28,78.77133421233702
2018-06-29,79.79079583060671
2018-07-02,77.9900221275734
2018-07-03,78.24775260456019
2018-07-05,77.37479614595469
2018-07-06,77.43914136089205
2018-07-09,78.36132711108857
2018-07-10,77.7191487719606
2018-07-11,76.70886099181477
2018-07-12,77.42613516453373
2018-07-13,77.2931086354456
2018-07-16,76.478684927896
2018-07-17,76.04478868705512
2018-07-18,75.5625837507869
2018-07-19,74.48133434104183
2018-07-20,76.34963929704504
2018-07-23,76.02820922436536
2018-07-24,78.11605935294524
2018-07-25,78.55561724210892
2018-07-26,77.23019437149418
2018-07-27,77.7391766001712
2018-07-30,77.93148773650972
2018-07-31,78.10426762387335
2018-08-01,76.4952241705628
2018-08-02,75.11747441933899
2018-08-03,74.85027489439652
2018-08-06,74.1697544346409
2018-08-07,75.56607797458247
2018-08-08,75.29786617602753
2018-08-09,76.49642876713581
2018-08-10,76.08735565308456
2018-08-13,75.26612354659486
2018-08-14,74.62925768613991
2018-08-15,72.56280282567799
2018-08-16,72.67200439656195
2018-08-17,73.37132686786236
2018-08-20,73.47914709315027
2018-08-21,74.62661432549804
2018-08-22,75.19904889048902
2018-08-23,73.99468891376283
2018-08-24,74.6383285869115
2018-08-27,75.35739423640536
2018-08-28,74.95613141901607
2018-08-29,75.28082032944474
2018-08-30,73.40042812995219
2018-08-31,73.55405155559123
2018-09-04,73.15951280807859
2018-09-05,71.96264219442806
2018-09-06,72.33722961398085
2018-09-07,71.65487456500745
2018-09-10,70.86607659664772
2018-09-11,70.38922545176506
2018-09-12,70.99941706506365
2018-09-13,72.19274438721511
2018-09-14,71.40104770852079
2018-09-17,71.51995587796772
2018-09-18,72.39800060140611
2018-09-19,73.58368077405824
2018-09-20,73.42112977918204
2018-09-21,74.05498220428062
2018-09-24,73.4747499858686
2018-09-25,73.88790891530311
2018-09-26,74.43834383973194
2018-09-27,74.24820370361202
2018-09-28,73.86103724493255
2018-10-01,73.94912123959571
2018-10-02,72.2034878409356
2018-10-03,71.75132873503583
2018-10-04,70.54931626338104
2018-10-05,71.2425801811018
2018-10-08,70.71989589580603
2018-10-09,70.70112925008613
2018-10-10,71.04886620276812
2018-10-11,72.00419553460236
2018-10-12,72.85332061119016
2018-10-15,72.20485739891306
2018-10-16,71.96538202934845
2018-10-17,71.07638979916172
2018-10-18,70.10399851747721
2018-10-19,71.66687555763035
2018-10-22,73.92289725911118
2018-10-23,73.10983937095405
2018-10-24,73.20168270449925
2018-10-25,73.56406828744814
2018-10-26,73.67143857535221
2018-10-29,72.71351256702671
2018-10-30,72.68174400131149
2018-10-31,72.80306072098283
2018-11-01,75.06166584082851
2018-11-02,75.7671232463706
2018-11-05,75.44315085418944
2018-11-06,74.96874736298861
2018-11-07,74.8963610704242
2018-11-08,73.29841963509078
2018-11-09,72.01749364492834
2018-11-12,72.74484876996988
2018-11-13,74.35581479262524
2018-11-14,75.22023610916962
2018-11-15,75.82088724636242
2018-11-16,75.95397855314783
2018-11-19,75.99359987827793
2018-11-20,76.23035267638582
2018-11-21,77.39062887273683
2018-11-23,76.78705403936925
2018-11-26,77.10428236677924
2018-11-27,76.95784891231206
2018-11-28,76.90596748470433
2018-11-29,75.84807305041835
2018-11-30,76.44370899625433
2018-12-03,76.57584178840001
2018-12-04,77.93402868178472
2018-12-06,77.03034674093591
2018-12-07,77.20755926011053
2018-12-10,76.75750026506716
2018-12-11,77.21473419625912
2018-12-12,77.94238100001328
2018-12-13,78.59242863073587
2018-12-14,79.18531777606044
2018-12-17,79.63091034223491
2018-12-18,79.4519542085295
2018-12-19,79.32801446346006
2018-12-20,80.55861308910477
2018-12-21,81.6364030196318
2018-12-24,83.18515229090373
2018-12-26,80.80208193124676
2018-12-27,79.43455199980288
2018-12-28,79.49645129450104
2018-12-31,78.8263705101367
2019-01-02,78.09967054386881
2019-01-03,78.62587817387163
2019-01-04,78.65414605582522
2019-01-07,78.21719771372193
2019-01-08,77.84255537922962
2019-01-09,78.80923146886084
2019-01-10,78.99952942617173
2019-01-11,78.61865864058348
2019-01-14,78.16121690451386
2019-01-15,78.03069307488397
2019-01-16,78.88538064755936
2019-01-17,78.54064775272775
2019-01-18,78.26568688851661
2019-01-22,77.70752441126375
2019-01-23,78.42557757247978
2019-01-24,79.20639263617284
2019-01-25,80.02122717495911
2019-01-28,79.96513905344503
2019-01-29,80.07139831790059
2019-01-30,80.21770564159362
2019-01-31,80.56510129245292
2019-02-01,79.77970188158
2019-02-04,79.31499475562138
2019-02-05,80.12831508992294
2019-02-06,79.25449544853352
2019-02-07,79.14025690263931
2019-02-08,79.0623284390115
2019-02-11,79.24204228027459
2019-02-12,78.3831228511485
2019-02-13,78.86269862975468
2019-02-14,78.74404032754563
2019-02-15,77.47718900867557
2019-02-19,78.46821166846712
2019-02-20,78.76301669116484
2019-02-21,78.86239477712606
2019-02-22,79.71282090230633
2019-02-25,81.19152828451371
2019-02-26,80.58192523705071
2019-02-27,79.31655853375682
2019-02-28,78.92190445035527
2019-03-01,79.40289689296782
2019-03-04,80.14383605377147
2019-03-05,81.24667771966195
2019-03-06,80.9238625241525
2019-03-07,79.79180688853835
2019-03-08,78.51904685117661
2019-03-11,78.9355784732318
2019-03-12,79.55891053829113
2019-03-13,78.82077683010873
2019-03-14,78.6201944699302
2019-03-15,79.3219933875898
2019-03-18,79.97761336188918
2019-03-19,80.27766631846977
2019-03-20,80.03872910695306
2019-03-21,79.1271792546138
2019-03-22,78.34351038483683
2019-03-25,78.2405844154192
2019-03-26,77.78664466713225
2019-03-27,78.0519948733626
2019-03-28,78.365157892205
2019-03-29,78.65586926149822
2019-04-01,78.98070877871307
2019-04-02,78.52083168746393
2019-04-03,78.95816477832534
2019-04-04,79.57060730180403
2019-04-05,79.74390338736741
2019-04-08,79.43984309510745
2019-04-09,79.67437260740496
2019-04-10,79.24685078356192
2019-04-11,78.17175700600744
2019-04-12,78.59770974527139
2019-04-15,77.76652186152003
2019-04-16,78.87445881749106
2019-04-17,79.17198854408716
2019-04-18,79.1375411047251
2019-04-22,78.34319835105109
2019-04-23,77.62790191120223
2019-04-24,76.632680792348
2019-04-25,76.19876873738495
2019-04-26,76.29031266854527
2019-04-29,76.44412082895985
2019-04-30,75.94423865293
2019-05-01,76.1582248466545
2019-05-02,76.04720766683896
2019-05-03,76.65857112836514
2019-05-06,74.96998155898737
2019-05-07,74.1863569713917
2019-05-08,74.04519424519972
2019-05-09,73.0093096865787
2019-05-10,73.11476526814559
2019-05-13,72.5870566965145
2019-05-14,73.08762834979007
2019-05-15,73.0141595126526
2019-05-16,72.67562428612372
2019-05-17,71.93701059825636
2019-05-20,71.4260009828664
2019-05-21,71.5585413524718
2019-05-22,71.37487600617511
2019-05-23,71.36833327371266
2019-05-24,70.86960179484913
2019-05-28,71.89321872000744
2019-05-29,73.01018621381313
2019-05-30,72.82930713819957
2019-05-31,73.60532421777167
2019-06-03,74.10372199380302
2019-06-04,72.26096757097184
2019-06-05,71.17925080109198
2019-06-06,70.7546368105737
2019-06-07,70.69917376586949
2019-06-10,71.12307113038551
2019-06-11,71.93942177763
2019-06-12,70.7614234701952
2019-06-13,70.85194207127603
2019-06-14,70.25361850116751
2019-06-17,70.81735834597698
2019-06-18,72.12946025812738
2019-06-19,72.52064105543634
2019-06-20,73.18805783705136
2019-06-21,72.93422316696191
2019-06-24,73.0751697854715
2019-06-25,72.56700446908454
2019-06-26,73.50792332093347
2019-06-27,74.06169288559016
2019-06-28,73.64803953197902
2019-07-01,74.06057467137444
2019-07-02,73.68092256294764
2019-07-03,72.82636177265115
2019-07-05,72.0641110962615
2019-07-08,71.91833852544804
2019-07-09,71.40437824675789
2019-07-10,71.26755707124731
2019-07-11,70.74691326103218
2019-07-12,70.70008437611399
2019-07-15,70.87789851881872
2019-07-16,70.9894372800255
2019-07-17,71.39110063387629
2019-07-18,71.31641109505192
2019-07-19,72.10525578894388
2019-07-22,71.26807156613104
2019-07-23,71.16569992245763
2019-07-24,71.06713360376611
2019-07-25,70.92055013048889
2019-07-26,70.54878540045961
2019-07-29,70.1586718862101
2019-07-30,69.89509206200108
2019-07-31,69.71828552771957
2019-08-01,68.73931147862919
2019-08-02,68.72631058461582
2019-08-05,68.08407534162956
2019-08-06,67.77363699641174
2019-08-07,68.06654194283334
2019-08-08,67.3237960436726
2019-08-09,67.02427457813161
2019-08-12,67.00953319206798
2019-08-13,67.03540064755497
2019-08-14,66.94531466818718
2019-08-15,67.69058350831698
2019-08-16,67.42244888968929
2019-08-19,67.5691130690389
2019-08-20,67.847344443867
2019-08-21,67.8864051243051
2019-08-22,67.389597528757
2019-08-23,67.90874314171856
2019-08-26,68.12949180712305
2019-08-27,68.41545433242217
2019-08-28,67.84975074654626
2019-08-29,67.47689733378604
2019-08-30,67.48960578140921
2019-09-03,67.90393415376408
2019-09-04,68.72042196729106
2019-09-05,68.66138371994363
2019-09-06,68.74380364309417
2019-09-09,68.84460387861498
2019-09-10,68.89458190030567
2019-09-11,69.44998327347032
2019-09-12,69.46146089316088
2019-09-13,70.21136820549354
2019-09-16,69.68930786438071
2019-09-17,69.17797231283667
2019-09-18,68.66743129838518
2019-09-19,68.18606809536276
2019-09-20,68.25718030723671
2019-09-23,68.25637320560418
2019-09-24,67.96444792438051
2019-09-25,67.80108761125405
2019-09-26,67.486029919386
2019-09-27,67.06954562368307
2019-09-30,67.35219914006466
2019-10-01,67.87184184465276
2019-10-02,69.16207149997517
2019-10-03,69.70678375783747
2019-10-04,68.65665973612273
2019-10-07,68.47439160854348
2019-10-08,69.08423392166657
2019-10-09,69.39993505521652
2019-10-10,69.7899996942383
2019-10-11,70.0570455531645
2019-10-14,69.82971975529534
2019-10-15,69.80047740148262
2019-10-16,69.87910228264704
2019-10-17,69.95889748456526
2019-10-18,69.50802961021874
2019-10-21,69.84354314959577
2019-10-22,69.5013953403306
2019-10-23,69.09878548705356
2019-10-24,68.93591778265274
2019-10-25,69.08773944238119
2019-10-28,69.34626215294226
2019-10-29,68.67119700638126
2019-10-30,68.24653345799068
2019-10-31,68.13075943912268
2019-11-01,68.8997981714221
2019-11-04,69.45738604772761
2019-11-05,69.95957902830594
2019-11-06,69.81280360740331
2019-11-07,70.15480598345923
2019-11-08,69.47831390577441
2019-11-11,68.53626056356505
2019-11-12,67.79076217775697
2019-11-13,66.85895896286988
2019-11-14,66.58329939635695
2019-11-15,66.24990315359902
2019-11-18,66.41031473601583
2019-11-19,67.10567428834685
2019-11-20,66.984492027505
2019-11-21,66.99531684066376
2019-11-22,66.73360963980777
2019-11-25,67.32617548495939
2019-11-26,67.33390620727451
2019-11-27,66.97142546670159
2019-11-29,65.41517154618853
2019-12-02,65.99174289190856
2019-12-03,66.04791367898024
2019-12-04,65.9170133710785
2019-12-05,65.8308837620091
2019-12-06,65.77734470942575
2019-12-09,65.68075900956042
2019-12-10,66.01040014913534
2019-12-11,67.05345818569178
2019-12-12,67.7473382760257
2019-12-13,67.42188501764414
2019-12-16,67.80744119715614
2019-12-17,68.65719928499422
2019-12-18,68.84503045239293
2019-12-19,68.420512124308
2019-12-20,68.39171530420647
2019-12-23,68.22398414764554
2019-12-24,68.34867190654094
2019-12-26,68.66473381582927
2019-12-27,68.93408532030506
2019-12-30,68.96736741753531
2019-12-31,69.02170185472565
2020-01-02,70.34137977457318
2020-01-03,69.34615391737098
2020-01-06,69.41296551419327
2020-01-07,69.43516805145426
2020-01-08,69.01997466222645
2020-01-09,69.1786663652103
2020-01-10,69.59715493465657
2020-01-13,70.30174555966158
2020-01-14,69.69383819161571
2020-01-15,69.14881541809646
2020-01-16,69.08611775018966
2020-01-17,69.19386876246101
2020-01-21,66.07138642079107
2020-01-22,66.80103971045332
2020-01-23,65.86494209227408
2020-01-24,65.58863567265207
2020-01-27,64.01288170655299
2020-01-28,63.78514717593852
2020-01-29,64.22762243065601
2020-01-30,63.22737993803364
2020-01-31,62.893198915757175
2020-02-03,63.04213392641004
2020-02-04,63.76682716203517
2020-02-05,63.253047986765765
2020-02-06,63.46779070070747
2020-02-07,63.240762888679356
2020-02-10,63.13726536313246
2020-02-11,64.24304563414996
2020-02-12,64.69193112713845
2020-02-13,63.9150684283594
2020-02-14,63.75250294808964
2020-02-18,63.78112849908775
2020-02-19,63.91404740345409
2020-02-20,63.49771740421906
2020-02-21,64.15842477160561
2020-02-24,64.00620876142588
2020-02-25,65.37118281083876
2020-02-26,66.56058339467599
2020-02-27,69.15996226373714
2020-02-28,69.88143398080456
2020-03-02,67.67262518165089
2020-03-03,69.22643918595016
2020-03-04,67.15009049902835
2020-03-05,69.15601399098105
2020-03-06,68.91482056158777
2020-03-09,71.74466994883637
2020-03-10,70.91592265924625
2020-03-11,72.0076268459727
2020-03-12,73.46933909346487
2020-03-13,71.46455341395041
2020-03-16,71.98724240231812
2020-03-17,72.52931125768535
2020-03-18,72.06954357116688
2020-03-19,71.98022529956431
2020-03-20,76.23956895231089
2020-03-23,78.19460148884913
2020-03-24,76.54916782581729
2020-03-25,76.56876072590401
2020-03-26,74.32128760223927
2020-03-27,72.10866403403759
2020-03-30,72.35557169191446
2020-03-31,73.72535355421638
2020-04-01,74.05329662900473
2020-04-02,75.15695451383823
2020-04-03,75.2394446102179
2020-04-06,73.02673576667922
2020-04-07,72.72324813975608
2020-04-08,70.41674034877647
2020-04-09,68.90635741918393
2020-04-13,69.59637643410694
2020-04-14,68.6728189296168
2020-04-15,68.54170200230753
2020-04-16,68.48466549203057
2020-04-17,67.83106080117206
2020-04-20,68.47228904736204
2020-04-21,68.7254469448455
2020-04-22,68.86553674747282
2020-04-23,68.58025339434619
2020-04-24,68.3172568305924
2020-04-27,68.70409273532874
2020-04-28,69.0923440637449
2020-04-29,68.41736585813703
2020-04-30,67.24805113819508
2020-05-01,66.71392558050916
2020-05-04,67.15519118696754
2020-05-05,67.21254734727133
2020-05-06,67.84933716694883
2020-05-07,67.2163474476277
2020-05-08,67.62816123799155
2020-05-11,67.30279091239653
2020-05-12,68.07118016291395
2020-05-13,69.51245781540652
2020-05-14,68.40620887165387
2020-05-15,67.10300405824952
2020-05-18,67.71055061665373
2020-05-19,67.70238182156754
2020-05-20,67.54319578892857
2020-05-21,66.15879468373352
2020-05-22,64.25146374977264
2020-05-26,64.89120735523205
2020-05-27,63.58964427118373
2020-05-28,63.90765064863429
2020-05-29,64.95487898911864
2020-06-01,65.8861906505493
2020-06-02,66.51168314141582
2020-06-03,66.7570219001829
2020-06-04,65.95736112843537
2020-06-05,65.75165850540198
2020-06-08,64.63744141181473
2020-06-09,64.8074771411054
2020-06-10,65.94864479698538
2020-06-11,67.08681273259313
2020-06-12,67.12488073329067
2020-06-15,65.91058219806392
2020-06-16,65.17148955861742
2020-06-17,65.70537798336191
2020-06-18,65.90925949397936
2020-06-19,66.38689327375627
2020-06-22,66.45452757910701
2020-06-23,66.58970418054017
2020-06-24,67.63090451123517
2020-06-25,67.07889459509683
2020-06-26,68.06730650978089
2020-06-29,66.84770871652374
2020-06-30,65.42541730854833
2020-07-01,65.7231243507016
2020-07-02,67.47901342648592
2020-07-06,72.76829780280933
2020-07-07,71.43746322270363
2020-07-08,73.17747286713565
2020-07-09,73.09533858741366
2020-07-10,71.28447679314787
2020-07-13,71.0839578859474
2020-07-14,69.63279306948806
2020-07-15,68.63573022154212
2020-07-16,67.29422682315408
2020-07-17,67.22607372239841
2020-07-20,67.54892307289127
2020-07-21,67.74948787071912
2020-07-22,66.41765273923946
2020-07-23,66.71620983942339
2020-07-24,66.59436801014327
2020-07-27,65.97074442676696
2020-07-28,65.8063776313968
2020-07-29,65.99160750932788
2020-07-30,65.537695601457
2020-07-31,64.38576272220489
2020-08-03,64.71402799027106
2020-08-04,65.92767318910772
2020-08-05,65.52074799079502
2020-08-06,65.13127041469866
2020-08-07,63.80868304046757
2020-08-10,64.0728602541739
2020-08-11,64.54506546083493
2020-08-12,64.59120300612508
2020-08-13,64.58754171166716
2020-08-14,64.93259269448006
2020-08-17,65.93008964329762
2020-08-18,66.04306666900821
2020-08-19,65.6259937285938
2020-08-20,65.72276284340789
2020-08-21,66.07423761708394
2020-08-24,66.12273760635527
2020-08-25,66.15796894951991
2020-08-26,65.38430868858364
2020-08-27,65.11036454064538
2020-08-28,65.21433285572886
2020-08-31,63.952978569306055
2020-09-01,64.17774191653116
2020-09-02,63.00699906506827
2020-09-03,63.91373132987381
2020-09-04,64.67719355968472
2020-09-08,65.12142071294814
2020-09-09,64.29406273773289
2020-09-10,64.13649931692845
2020-09-11,64.72755666769604
2020-09-14,64.32152081855976
2020-09-15,64.56585491020948
2020-09-16,64.62813520801411
2020-09-17,64.65685234835699
2020-09-18,65.54766922517246
2020-09-21,65.66619399654606
2020-09-22,64.49847301668277
2020-09-23,65.30811521454359
2020-09-24,64.32092213015699
2020-09-25,62.666322169193656
2020-09-28,62.59666582365996
2020-09-29,62.695762056536495
2020-09-30,63.47843192619666
2020-10-01,63.83938645692986
2020-10-02,63.723565619537496
2020-10-05,62.851596437036406
2020-10-06,64.18112042322541
2020-10-07,63.751459876181215
2020-10-08,63.50062716324803
2020-10-09,63.099072151687196
2020-10-12,63.76599666238002
2020-10-13,64.09814892043055
2020-10-14,63.688792019791016
2020-10-15,63.28694426494086
2020-10-16,64.28713022677958
2020-10-19,65.24998088888172
2020-10-20,65.26972602554784
2020-10-21,65.98422179223053
2020-10-22,66.12364367390306
2020-10-23,66.06092762094048
2020-10-26,66.66340061469586
2020-10-27,67.02870413177058
2020-10-28,68.00622783378547
2020-10-29,68.3343863679297
2020-10-30,68.35673470012041
2020-11-02,68.94796313186411
2020-11-03,67.90239527991636
2020-11-04,69.18785865873015
2020-11-05,68.9337297099796
2020-11-06,68.99282984023792
2020-11-09,68.85042421102881
2020-11-10,67.36464937815516
2020-11-11,67.5490773954088
2020-11-12,67.49430402164532
2020-11-13,67.09559113625077
2020-11-16,66.5615586042713
2020-11-17,66.47232131296225
2020-11-18,66.98373591772742
2020-11-19,66.66046983028842
2020-11-20,67.57590529613509
2020-11-23,66.9042147356179
2020-11-24,66.20554678786279
2020-11-25,65.91699073433489
2020-11-27,67.66849677105581
2020-11-30,65.70470493622314
2020-12-01,65.65758495072862
2020-12-02,65.0643776998034
2020-12-03,65.0545276161202
2020-12-04,64.5807923634802
2020-12-07,64.08296719308461
2020-12-08,63.69089895286252
2020-12-09,63.46707078691129
2020-12-10,64.27454127637391
2020-12-11,63.76962853899926
2020-12-14,63.991625366044815
2020-12-15,63.23533145422663
2020-12-16,63.20564175026565
2020-12-17,63.25444078640958
2020-12-18,63.39713177433097
2020-12-21,63.11006962896874
2020-12-22,63.00767450543165
2020-12-23,63.47998591205215
2020-12-24,62.18028840328172
2020-12-28,61.746883998080705
2020-12-29,62.66371454398411
2020-12-30,63.6058798733462
2020-12-31,63.53062331011946
2021-01-04,64.22714450760544
2021-01-05,65.52372953787089
2021-01-06,64.38108402344878
2021-01-07,63.883874381605224
2021-01-08,64.83692110024334
2021-01-11,64.39883968692583
2021-01-12,65.22263950335395
2021-01-13,65.23605208079681
2021-01-14,65.76271138790277
2021-01-15,66.20496220285655
2021-01-19,68.51290229877432
2021-01-20,69.65661989351437
2021-01-21,69.19376005345306
2021-01-22,69.09212388631299
2021-01-25,70.40448543614447
2021-01-26,69.78141315987656
2021-01-27,68.90620649626577
2021-01-28,68.45410902977265
2021-01-29,68.23512315505408
2021-02-01,68.95358546262764
2021-02-02,68.95755132740774
2021-02-03,69.06413072329038
2021-02-04,67.95681216743725
2021-02-05,68.20500104688585
2021-02-08,67.49324255120834
2021-02-09,68.42965473618068
2021-02-10,69.12832824524496
2021-02-11,70.22147667195327
2021-02-12,69.81115990877159
2021-02-16,69.91079489911498
2021-02-17,71.01599353255705
2021-02-18,69.78759897817912
2021-02-19,70.31768552007897
2021-02-22,68.25874319997754
2021-02-23,68.40041009124988
2021-02-24,66.19235950963575
2021-02-25,66.79638860000128
2021-02-26,65.9991080072987
2021-03-01,66.14424756265204
2021-03-02,65.3806543538602
2021-03-03,66.76796476276338
2021-03-04,65.66251356835902
2021-03-05,65.14312951764578
2021-03-08,63.16396006182463
2021-03-09,63.62259712029194
2021-03-10,62.73001078792893
2021-03-11,64.3363515648651
2021-03-12,62.44527237042513
2021-03-15,61.9589122174957
2021-03-16,62.59280605733816
2021-03-17,62.341472240461336
2021-03-18,62.699992328562104
2021-03-19,62.82930289448929
2021-03-22,62.240675848007534
2021-03-23,61.32056477950414
2021-03-24,59.357463461199735
2021-03-25,59.326363637082636
2021-03-26,60.098153570368986
2021-03-29,59.80643019392726
2021-03-30,60.21097250948251
2021-03-31,60.03222025879118
2021-04-01,60.396402648758794
2021-04-05,59.59199238024263
2021-04-06,59.740202452381176
2021-04-07,58.316700742935865
2021-04-08,58.80260543913498
2021-04-09,57.65944498460643
2021-04-12,57.56409777993067
2021-04-13,57.356939949295985
2021-04-14,57.73939846541975
2021-04-15,57.19931332807238
2021-04-16,57.32647321422414
2021-04-19,57.597242764179754
2021-04-20,57.86121600036302
2021-04-21,57.39240884948047
2021-04-22,58.09457280945707
2021-04-23,58.23006653624196
2021-04-26,57.22960369065092
2021-04-27,57.47398572308674
2021-04-28,57.75928349246148
2021-04-29,57.34495072967947
2021-04-30,56.55117929857427
2021-05-03,56.124647573799315
2021-05-04,55.90868140266447
2021-05-05,56.17328249363669
2021-05-06,55.88644669313169
2021-05-07,55.62761268645174
2021-05-10,54.58568209111977
2021-05-11,55.06491328660664
2021-05-12,55.56840321374342
2021-05-13,54.12580276492226
2021-05-14,54.11513660030614
2021-05-17,54.780872348192254
2021-05-18,55.702567126706
2021-05-19,56.01033177565306
2021-05-20,55.96673828694135
2021-05-21,55.47189139762957
2021-05-24,54.83911311151605
2021-05-25,56.26558634666049
2021-05-26,56.49483466246296
2021-05-27,56.42870790686253
2021-05-28,56.13372140312535
2021-06-01,57.65339968615386
2021-06-02,57.33237456928792
2021-06-03,56.40135317872491
2021-06-04,56.46938084512758
2021-06-07,55.92033715896233
2021-06-08,55.64274664644638
2021-06-09,55.7258942585117
2021-06-10,55.77117765250339
2021-06-11,55.546544125913364
2021-06-14,55.59087378821347
2021-06-15,54.93375027258149
2021-06-16,54.39380254212753
2021-06-17,55.17562732543072
2021-06-18,55.99161035405955
2021-06-21,55.18923483805903
2021-06-22,54.449832245410846
2021-06-23,55.20331864809918
2021-06-24,55.454446040669346
2021-06-25,56.310022466490196
2021-06-28,56.32795255841662
2021-06-29,55.88038688471414
2021-06-30,55.1901056216259
2021-07-01,54.601900601346344
2021-07-02,53.48230762639234
2021-07-06,52.08404610477503
2021-07-07,51.994524367644665
2021-07-08,50.78865269550423
2021-07-09,51.69235129565703
2021-07-12,51.332847312605146
2021-07-13,52.093754697003504
2021-07-14,51.794047895370085
2021-07-15,52.4759189601704
2021-07-16,52.48882717408843
2021-07-19,52.56764301220173
2021-07-20,51.56473977086857
2021-07-21,51.303153616940676
2021-07-22,51.40671105681712
2021-07-23,49.58506940773766
2021-07-26,46.81587216307304
2021-07-27,45.48538687545487
2021-07-28,48.24637488317092
2021-07-29,47.37592081128295
2021-07-30,47.14198164593907
2021-08-02,47.91695321027471
2021-08-03,47.17196106575322
2021-08-04,48.04402195170197
2021-08-05,47.21070741088219
2021-08-06,46.57966492060969
2021-08-09,47.48259599318198
2021-08-10,47.9419607387958
2021-08-11,48.22529604854489
2021-08-12,47.34800687499188
2021-08-13,47.284862509969635
2021-08-16,46.386608219225664
2021-08-17,45.383549657308954
2021-08-18,46.25732196208715
2021-08-19,45.25838469655506
2021-08-20,44.47553939897438
2021-08-23,44.942795843333414
2021-08-24,46.442419052309106
2021-08-25,45.958958368680705
2021-08-26,45.500580296524234
2021-08-27,45.459773126162126
2021-08-30,45.32838602722036
2021-08-31,46.23129313605087
2021-09-01,47.233784296562106
2021-09-02,46.582589568227725
2021-09-03,46.67267719321593
2021-09-07,47.94706931122181
2021-09-08,47.48533637509837
2021-09-09,47.24652697765125
2021-09-10,47.58765417323701
2021-09-13,47.36343054435292
2021-09-14,46.54125841549014
2021-09-15,45.83694381310352
2021-09-16,45.23691464397112
2021-09-17,45.96981213738541
2021-09-20,44.71165469377693
2021-09-21,45.30484613321991
2021-09-22,45.726219027845595
2021-09-23,44.798821319000915
2021-09-24,43.78621672758236
2021-09-27,44.54343084950598
2021-09-28,45.51811058006688
2021-09-29,45.1140373477322
2021-09-30,46.110517854305854
2021-10-01,45.20608671901216
2021-10-04,44.65828570991114
2021-10-05,44.82041328279597
2021-10-06,44.4362342606898
2021-10-07,45.851409457827415
2021-10-08,46.37629665947166
2021-10-11,46.67941104459393
2021-10-12,46.536707907792696
2021-10-13,47.3043003055726
2021-10-14,46.303525356325686
2021-10-15,46.39816169832643
2021-10-18,46.53399085135222
2021-10-19,47.49741503937825
2021-10-20,47.40146256449439
2021-10-21,47.23333356421706
2021-10-22,47.3384118017805
2021-10-25,47.23096034795959
2021-10-26,46.24093304182071
2021-10-27,45.92041089879436
2021-10-28,45.581371924981546
2021-10-29,44.636847292542356
2021-11-01,45.36677036937014
2021-11-02,43.95159334130218
2021-11-03,44.056763948661164
2021-11-04,43.58884613970193
2021-11-05,42.67872394560694
2021-11-08,43.11926080495574
2021-11-09,42.91424742030933
2021-11-10,43.65697177813405
2021-11-11,45.37453339209559
2021-11-12,45.056423569136875
2021-11-15,44.70390342981264
2021-11-16,45.090891420569605
2021-11-17,44.6903896745206
2021-11-18,43.576043604783955
2021-11-19,43.91427859857264
2021-11-22,43.472968161494876
2021-11-23,43.18741120873445
2021-11-24,43.19151859384515
2021-11-26,42.9364344986884
2021-11-29,42.011341133460476
2021-11-30,42.61068062762979
2021-12-01,42.987742300647355
2021-12-02,42.628189261432865
2021-12-03,42.00466474744871
2021-12-06,42.29962382909267
2021-12-07,41.99596960678254
2021-12-08,42.06910070078104
2021-12-09,42.36595087286493
2021-12-10,41.96007342603628
2021-12-13,41.61235042797979
2021-12-14,41.80080041045286
2021-12-15,39.96708978849842
2021-12-16,40.532068596368056
2021-12-17,40.4779847577505
2021-12-20,40.04612861675268
2021-12-21,40.50886370566211
2021-12-22,40.02022480257833
2021-12-23,39.87070879906534
2021-12-27,39.20699876573276
2021-12-28,38.78791891242253
2021-12-29,38.28779566798743
2021-12-30,39.79242741121443
2021-12-31,39.45078588871004
2022-01-03,39.19151643997676
2022-01-04,38.49671421718245
2022-01-05,38.53955351956204
2022-01-06,39.254468460691804
2022-01-07,40.25652006624383
2022-01-10,40.328671444881245
2022-01-11,41.24048451418713
2022-01-12,42.04279214743894
2022-01-13,41.61569216350235
2022-01-14,42.01752915415366
2022-01-18,42.30377861754043
2022-01-19,42.92906268288079
2022-01-20,44.75102864502891
2022-01-21,44.746557295131595
2022-01-24,43.846935734574735
2022-01-25,44.436026473422736
2022-01-26,43.69680783051575
2022-01-27,43.129678024605475
2022-01-28,41.956996144941975
2022-01-31,43.19571550297312
2022-02-01,43.188526945220225
2022-02-02,42.40342580718073
2022-02-03,43.16030757052528
2022-02-04,43.357860616838714
2022-02-07,43.23404817720732
2022-02-08,43.301509928525
2022-02-09,43.40459919267691
2022-02-10,43.6628436368177
2022-02-11,43.78521738005476
2022-02-14,43.50879399696956
2022-02-15,43.47278002818302
2022-02-16,43.699379799907994
2022-02-17,44.28992125086694
2022-02-18,43.3045537795034
2022-02-22,42.605731076733946
2022-02-23,42.86528237425462
2022-02-24,41.9188162840552
2022-02-25,41.21281214385302
2022-02-28,40.94311336847055
2022-03-01,41.49294162666265
2022-03-02,40.43927714438561
2022-03-03,39.607054185784904
2022-03-04,39.078091503851844
2022-03-07,38.738493176172305
2022-03-08,38.480671683153616
2022-03-09,38.09911444153967
2022-03-10,36.53830950115228
2022-03-11,35.448053210763284
2022-03-14,33.31368924022032
2022-03-15,32.53676315916922
2022-03-16,38.59221916616297
2022-03-17,36.71013498653657
2022-03-18,38.10447247159885
2022-03-21,36.51838748742964
2022-03-22,37.68613536665792
2022-03-23,37.93617947832706
2022-03-24,36.9647323361082
2022-03-25,36.23235423837144
2022-03-28,36.53648926089845
2022-03-29,36.86448687351756
2022-03-30,36.89314703671817
2022-03-31,36.146994434565016
2022-04-01,37.431608576955185
2022-04-04,38.376877089370524
2022-04-05,37.80358149864002
2022-04-06,37.44206133662048
2022-04-07,36.696768692768316
2022-04-08,36.829381330850275
2022-04-11,36.5760312768454
2022-04-12,36.572250022694334
2022-04-13,36.86076472966419
2022-04-14,36.905624162468584
2022-04-18,36.552332325338796
2022-04-19,35.61595508918699
2022-04-20,34.59745765546739
2022-04-21,34.085183959415396
2022-04-22,35.370460086711276
2022-04-25,34.773328754983986
2022-04-26,35.0495452812946
2022-04-27,36.06491395510293
2022-04-28,35.45091337530909
2022-04-29,38.3481970964742
2022-05-02,38.27891016898826
2022-05-03,38.656123220187226
2022-05-04,37.68034065255741
2022-05-05,37.020490059376
2022-05-06,36.08825998690514
2022-05-09,35.922495559085476
2022-05-10,36.249135957394216
2022-05-11,36.8472865381115
2022-05-12,36.885796040232776
2022-05-13,37.63889702259548
2022-05-16,37.741183740667125
2022-05-17,38.10602990553951
2022-05-18,38.59900483140114
2022-05-19,39.72845156328942
2022-05-20,39.86839804219392
2022-05-23,39.04609896797426
2022-05-24,37.84260688810257
2022-05-25,37.986675213412106
2022-05-26,38.703989385745565
2022-05-27,38.04714596167722
2022-05-31,39.399549674485776
2022-06-01,39.30941545044792
2022-06-02,39.68813992443602
2022-06-03,39.64135894196297
2022-06-06,40.612280648904914
2022-06-07,40.84057100074999
2022-06-08,42.419509721659026
2022-06-09,41.79985458473869
2022-06-10,43.074378388095916
2022-06-13,42.81873628363127
2022-06-14,44.278704029274806
2022-06-15,44.52187807050045
2022-06-16,44.26944909277267
2022-06-17,44.983726246005915
2022-06-21,44.968288038110494
2022-06-22,44.24524216267115
2022-06-23,44.49107319611208
2022-06-24,44.298267785904024
2022-06-27,44.83606360976765
2022-06-28,45.784720485936276
2022-06-29,45.566945985206736
2022-06-30,45.89957271426433
2022-07-01,45.45937468216971
2022-07-05,45.15978529549086
2022-07-06,44.43484190344973
2022-07-07,44.724310793071695
2022-07-08,44.16993021024071
2022-07-11,42.753314833171515
2022-07-12,42.88026421468363
2022-07-13,42.7831445757379
2022-07-14,42.27924810279712
2022-07-15,41.141915457788095
2022-07-18,42.28659137452597
2022-07-19,41.590667176147484
2022-07-20,41.06858111880069
2022-07-21,40.98749770952202
2022-07-22,40.45370568245127
2022-07-25,40.74025177325558
2022-07-26,41.0843343480367
2022-07-27,40.502894792690356
2022-07-28,39.48560224847196
2022-07-29,37.65399759490232
2022-08-01,37.25616681634055
2022-08-02,37.24079736954996
2022-08-03,36.974637946823904
2022-08-04,37.57909988906537
2022-08-05,37.22282326420947
2022-08-08,36.93224739937914
2022-08-09,36.84363217614737
2022-08-10,35.90332414592718
2022-08-11,36.559868609927925
2022-08-12,36.15450081701704
2022-08-15,35.81561392261294
2022-08-16,35.32967534263225
2022-08-17,35.510431448585514
2022-08-18,35.02563220614271
2022-08-19,35.297088603743994
2022-08-22,36.319467757841736
2022-08-23,36.34562979050134
2022-08-24,36.390123004784854
2022-08-25,37.68501292956414
2022-08-26,38.67774288031404
2022-08-29,38.58008892479705
2022-08-30,37.95679697493781
2022-08-31,39.036046190491156
2022-09-01,38.47598237590789
2022-09-02,38.0918950613493
2022-09-06,37.47823314809218
2022-09-07,37.26611734479506
2022-09-08,36.55223268707966
2022-09-09,36.88474137332163
2022-09-12,36.964678147521646
2022-09-13,37.0213216294174
2022-09-14,36.91941142890999
2022-09-15,37.19940807636336
2022-09-16,36.918211755114086
2022-09-19,36.76499410462783
2022-09-20,36.900619596271625
2022-09-21,36.55856111758509
2022-09-22,36.65081325258023
2022-09-23,36.777798377487805
2022-09-26,37.36861490517132
2022-09-27,37.12837896524142
2022-09-28,36.80994740738556
2022-09-29,36.37573695776092
2022-09-30,36.818933313820246
2022-10-03,36.02445572236609
2022-10-04,36.35446337359876
2022-10-05,36.70902156687257
2022-10-06,36.80549582555802
2022-10-07,36.96447706298751
2022-10-10,36.11884408985412
2022-10-11,35.353952200456355
2022-10-12,35.2427528109008
2022-10-13,34.044764063775844
2022-10-14,34.35521984193461
2022-10-17,34.52041922238614
2022-10-18,33.84547322754955
2022-10-19,32.651787804345865
2022-10-20,33.08098918584629
2022-10-21,32.49994806046834
2022-10-24,28.89904878902873
2022-10-25,28.986509866838972
2022-10-26,30.298136663980113
2022-10-27,29.657788485405877
2022-10-28,28.158109174671335
2022-10-31,27.586093452213934
2022-11-01,28.88440746234827
2022-11-02,29.763616953378584
2022-11-03,30.374831535613723
2022-11-04,32.21395975925406
2022-11-07,32.06934827277341
2022-11-08,31.87061619462141
2022-11-09,31.20894523842463
2022-11-10,31.3870769902809
2022-11-11,32.477177333067594
2022-11-14,32.936009217665294
2022-11-15,34.342040913736334
2022-11-16,33.83443947575589
2022-11-17,34.73804950316969
2022-11-18,33.50237962338125
2022-11-21,33.10912391130922
2022-11-22,32.35157739821906
2022-11-23,32.5660203328418
2022-11-25,32.01713805423024
2022-11-28,32.81891059821954
2022-11-29,34.54809628435788
2022-11-30,35.12715801783261
2022-12-01,34.628725579733874
2022-12-02,35.65604680486562
2022-12-05,36.194671190605845
2022-12-06,37.18890232934013
2022-12-07,36.4503261435908
2022-12-08,37.34773931961195
2022-12-09,37.43488558699388
2022-12-12,36.46944150308409
2022-12-13,36.63856920930895
2022-12-14,37.108371870684635
2022-12-15,37.13253701820211
2022-12-16,37.68407179996965
2022-12-19,37.78871068422493
2022-12-20,37.16653083474395
2022-12-21,37.64956304306554
2022-12-22,37.9636322901146
2022-12-23,37.530499713447206
2022-12-27,39.46817035168809
2022-12-28,38.64732439349677
2022-12-29,39.109880795492074
2022-12-30,38.253453776949264
2023-01-03,39.799765386893895
2023-01-04,42.013798511163905
2023-01-05,42.403464723949504
2023-01-06,41.559435218940855
2023-01-09,41.58300589279069
2023-01-10,41.80959304389659
2023-01-11,41.70562510938348
2023-01-12,41.20272524598861
2023-01-13,41.627245721614074
2023-01-17,40.79393073102241
2023-01-18,41.03898620982222
2023-01-19,42.16460275921968
2023-01-20,42.425053382956804
2023-01-23,42.38655781684055
2023-01-24,42.35460643947501
2023-01-25,42.42912016492136
2023-01-26,42.51705563641644
2023-01-27,42.343142534038094
2023-01-30,41.293924574167335
2023-01-31,40.44120486972792
2023-02-01,40.909366384873046
2023-02-02,39.528604509483394
2023-02-03,38.975437533396594
2023-02-06,38.6222598639432
2023-02-07,38.447370581925895
2023-02-08,38.331138277434846
2023-02-09,39.39015002902849
2023-02-10,38.183587801951205
2023-02-13,38.36663949001779
2023-02-14,38.03353757906009
2023-02-15,37.61074002384529
2023-02-16,38.16114731110692
2023-02-17,37.48244968508883
2023-02-21,37.809381526212164
2023-02-22,37.53728388917209
2023-02-23,37.13222849725823
2023-02-24,36.39857417993677
2023-02-27,36.75591638629407
2023-02-28,36.474820291858215
2023-03-01,38.134368009270126
2023-03-02,38.52878256035262
2023-03-03,37.869461875100534
2023-03-06,37.42148086483024
2023-03-07,37.31611892491053
2023-03-08,36.85361252106295
2023-03-09,36.16012791912156
2023-03-10,36.66274536569109
2023-03-13,36.94311794623582
2023-03-14,36.579909784116296
2023-03-15,36.29224454831557
2023-03-16,36.12322708605733
2023-03-17,36.458169334163124
2023-03-20,36.084785502122244
2023-03-21,36.12057921114207
2023-03-22,36.865191795137015
2023-03-23,37.91841260967983
2023-03-24,37.51506164202497
2023-03-27,36.67873845424875
2023-03-28,38.27128257202653
2023-03-29,37.735805205740306
2023-03-30,38.153958926985446
2023-03-31,37.14566468196293
2023-04-03,36.84174955741051
2023-04-04,36.88347926973427
2023-04-05,36.550745047452324
2023-04-06,36.861780226450115
2023-04-10,36.69826545850629
2023-04-11,36.713539602000054
2023-04-12,35.8541824331081
2023-04-13,36.206195214086904
2023-04-14,35.845379677451724
2023-04-17,36.68760096074404
2023-04-18,36.514494845536554
2023-04-19,36.07301249677696
2023-04-20,36.03338935620018
2023-04-21,35.480702949638825
2023-04-24,35.081808403564
2023-04-25,34.683877369198264
2023-04-26,35.404503428613125
2023-04-27,35.20041837430094
2023-04-28,35.07585467728973
2023-05-01,34.974978321703034
2023-05-02,34.708207485087186
2023-05-03,34.784018703980124
2023-05-04,35.97277557794713
2023-05-05,35.780697684061565
2023-05-08,36.045649401037494
2023-05-09,35.64050038324375
2023-05-10,35.225268343868365
2023-05-11,35.66166591373558
2023-05-12,34.770080917949834
2023-05-15,36.20911865873636
2023-05-16,36.076135006946245
2023-05-17,35.27140571771967
2023-05-18,34.45580418795012
2023-05-19,34.32148899789856
2023-05-22,34.860910618318854
2023-05-23,34.187072214455966
2023-05-24,33.74758051317833
2023-05-25,32.77476958043416
2023-05-26,32.895210046337255
2023-05-30,31.914467010994624
2023-05-31,32.0061482481149
2023-06-01,32.51066653211688
2023-06-02,33.0099693149245
2023-06-05,33.02511825461903
2023-06-06,33.67523033803476
2023-06-07,33.38418746196698
2023-06-08,33.53340798500391
2023-06-09,33.509482566862495
2023-06-12,33.12465901021449
2023-06-13,33.28718298694878
2023-06-14,33.69767862580676
2023-06-15,34.02209119673704
2023-06-16,33.93880204302922
2023-06-20,32.652514486343634
2023-06-21,32.61903805174652
2023-06-22,32.430799756199
2023-06-23,31.999042207626726
2023-06-26,32.297728381224154
2023-06-27,32.645324786571436
2023-06-28,32.356962534856784
2023-06-29,31.723579988154775
2023-06-30,31.6445437063623
2023-07-03,32.212672654008614
2023-07-05,31.88809680737803
2023-07-06,31.21277857957635
2023-07-07,31.974083002855032
2023-07-10,31.8698938441386
2023-07-11,31.87809022799044
2023-07-12,32.572125003228955
2023-07-13,33.05008081432236
2023-07-14,32.48505415235891
2023-07-17,32.212444773166474
2023-07-18,31.259255622531363
2023-07-19,31.393900403678632
2023-07-20,31.489480507674678
2023-07-21,31.512296616647788
2023-07-24,32.0423007999245
2023-07-25,32.351528207356786
2023-07-26,32.81091166057069
2023-07-27,32.49403404447901
2023-07-28,33.96295224827685
2023-07-31,34.2815668897075
2023-08-01,33.54360992316649
2023-08-02,32.973852320647794
2023-08-03,33.96515838177791
2023-08-04,33.63452919229811
2023-08-07,33.217578383215155
2023-08-08,32.74185228683142
2023-08-09,33.101097505058576
2023-08-10,33.355326415213334
2023-08-11,32.32133563625689
2023-08-14,31.844560882275992
2023-08-15,31.69569899219659
2023-08-16,31.27286803240132
2023-08-17,31.749492587455887
2023-08-18,30.954161203501467
2023-08-21,30.707089445429343
2023-08-22,30.77871594238663
2023-08-23,31.09180710888038
2023-08-24,31.670463613938928
2023-08-25,31.390122111785786
2023-08-28,31.93804964751475
2023-08-29,32.10321740924772
2023-08-30,31.754193986858724
2023-08-31,31.388318328867136
2023-09-01,32.06168169922129
2023-09-05,31.730004464052563
2023-09-06,32.03724722513927
2023-09-07,31.21973459991228
2023-09-08,31.126468607290935
2023-09-11,31.33724535581234
2023-09-12,31.57950007797356
2023-09-13,31.276976204534012
2023-09-14,31.273075628635866
2023-09-15,31.51532205684859
2023-09-18,31.34619932239729
2023-09-19,31.330055114907807
2023-09-20,31.398078344736536
2023-09-21,31.234565080181486
2023-09-22,32.41573954734489
2023-09-25,31.780447513454234
2023-09-26,31.80767831914305
2023-09-27,31.867380675645514
2023-09-28,31.503742358055664
2023-09-29,31.905088727925328
2023-10-02,31.725288121647406
2023-10-03,31.399697019767984
2023-10-04,30.90637042227471
2023-10-05,31.1117896104758
2023-10-06,31.3930304976126
2023-10-09,31.18142785776783
2023-10-10,31.81262394858105
2023-10-11,31.989188761721465
2023-10-12,31.628239795370206
2023-10-13,31.548280952382513
2023-10-16,31.420231892679446
2023-10-17,31.185868010240974
2023-10-18,31.081244529670805
2023-10-19,30.814251920157048
2023-10-20,30.550715987870543
2023-10-23,30.872742433234222
2023-10-24,31.624685261879428
2023-10-25,31.432643837899228
2023-10-26,31.875906204495507
2023-10-27,32.13371403046199
2023-10-30,32.08805561977785
2023-10-31,31.371487244103484
2023-11-01,30.99180447908051
2023-11-02,30.731260336956073
2023-11-03,31.16302201866385
2023-11-06,31.185887805806278
2023-11-07,30.956191372268215
2023-11-08,30.71015297718534
2023-11-09,30.52493931218892
2023-11-10,29.96257866538612
2023-11-13,30.388247363575726
2023-11-14,30.4514795849205
2023-11-15,31.10738539662436
2023-11-16,29.801944182160373
2023-11-17,29.787735226856878
2023-11-20,30.205258201743117
2023-11-21,29.670120391572212
2023-11-22,29.70288943613929
2023-11-24,29.763655936812967
2023-11-27,29.43276198002092
2023-11-28,29.053337267788514
2023-11-29,28.338744783131435
2023-11-30,28.340239357204172
2023-12-01,27.871232111901673
2023-12-04,27.365411286607323
2023-12-05,26.954221641477318
2023-12-06,27.07458552008481
2023-12-07,26.959311771600753
2023-12-08,26.475266023623405
2023-12-11,26.47283679495726
2023-12-12,26.52971135967376
2023-12-13,26.081422750930404
2023-12-14,26.335624658039176
2023-12-15,26.32450937541279
2023-12-18,25.906049990047453
2023-12-19,26.094525898999354
2023-12-20,25.695172483417206
2023-12-21,26.342648064288788
2023-12-22,25.558000308139867
2023-12-26,25.638239452242082
2023-12-27,25.625030644190044
2023-12-28,26.30944983161897
2023-12-29,26.551576783877618
2024-01-02,25.823194809454442
2024-01-03,26.517550548254075
2024-01-04,26.254825387260638
2024-01-05,26.073003824547357
2024-01-08,25.385118551178543
2024-01-09,24.913882008103933
2024-01-10,24.784795208409747
2024-01-11,25.17057906761196
2024-01-12,25.0429820034952
2024-01-16,24.350126840487068
2024-01-17,23.852398060624274
2024-01-18,23.730330319512323
2024-01-19,23.60144062558466
2024-01-22,22.96502284625842
2024-01-23,23.94891897160526
2024-01-24,24.636879094489714
2024-01-25,24.482082387797206
2024-01-26,24.351601588783574
2024-01-29,23.828864452478
2024-01-30,23.462159247989632
2024-01-31,23.666455774171823
2024-02-01,23.468061276404462
2024-02-02,22.745507877027606
2024-02-05,23.329770947585526
2024-02-06,24.591198795151385
2024-02-07,23.85006340059393
2024-02-08,23.291499777058316
2024-02-09,23.430104032435942
2024-02-12,23.81778670030098
2024-02-13,23.597674890595314
2024-02-14,23.880247888507576
2024-02-15,23.81077060020044
2024-02-16,24.25586981523823
2024-02-20,24.231567615243456
2024-02-21,24.917336044666406
2024-02-22,24.784663394810487
2024-02-23,24.943382870691103
2024-02-26,24.81710789572127
2024-02-27,25.195855324517595
2024-02-28,24.33704505533839
2024-02-29,24.208525850904277
2024-03-01,24.495389851531606
2024-03-04,23.978351237439938
2024-03-05,23.847635186452518
2024-03-06,24.24254767070866
2024-03-07,23.80023461565295
2024-03-08,24.087638037077713
2024-03-11,24.693866444050983
2024-03-12,24.95951038749526
2024-03-13,25.080130803958873
2024-03-14,24.619867600413876
2024-03-15,24.63605112247208
2024-03-18,24.53133502821166
2024-03-19,24.27393784584849
2024-03-20,24.272775741687198
2024-03-21,24.082545702015885
2024-03-22,23.786752659545414
2024-03-25,23.88286864263852
2024-03-26,24.058255279450325
2024-03-27,23.82773823079653
2024-03-28,24.092534879390136
2024-04-01,24.465405993701378
2024-04-02,24.823780307206288
2024-04-03,24.64533839364127
2024-04-04,24.81722085131048
2024-04-05,24.429354200271792
2024-04-08,24.587284695603948
2024-04-09,24.790755705495958
2024-04-10,24.919292317289727
2024-04-11,24.965106173650465
2024-04-12,24.433130015613017
2024-04-15,24.826141668853584
2024-04-16,24.61156018341691
2024-04-17,24.737166095654356
2024-04-18,25.238864228322218
2024-04-19,25.387085555236172
2024-04-22,25.584986127157546
2024-04-23,25.678394177565973
2024-04-24,26.17746938147565
2024-04-25,26.45406772285279
2024-04-26,26.648738818655364
2024-04-29,26.8010503336792
2024-04-30,26.585793350976093
2024-05-01,26.871215699743274
2024-05-02,28.14614125624844
2024-05-03,27.98585255598652
2024-05-06,27.679528867764645
2024-05-07,27.25418290085866
2024-05-08,27.15031321239679
2024-05-09,27.578552883202846
2024-05-10,27.915006176059297
2024-05-13,28.504257287948764
2024-05-14,28.02389919348017
2024-05-15,27.99736801529279
2024-05-16,28.87703518816212
2024-05-17,29.00369508553768
2024-05-20,28.65423736308039
2024-05-21,28.140738669684577
2024-05-22,27.866264027651766
2024-05-23,27.503899854799823
2024-05-24,27.27367993568009
2024-05-28,27.234866399808105
2024-05-29,26.989051355498994
2024-05-30,27.19933868963873
2024-05-31,26.437591044992914
2024-06-03,26.54501784666192
2024-06-04,26.7234551699705
2024-06-05,26.634796798772854
2024-06-06,26.625496318272436
2024-06-07,25.98141241102579
2024-06-10,26.14573366194548
2024-06-11,25.892179262533606
2024-06-12,25.623040923531555
2024-06-13,25.552182673670544
2024-06-14,25.32376367488868
2024-06-17,25.440615559038847
2024-06-18,25.433593889403365
2024-06-20,25.81013901830749
2024-06-21,25.402505464241404
2024-06-24,25.774731834786902
2024-06-25,25.4740680916284
2024-06-26,25.451911782159197
2024-06-27,24.80817704726215
2024-06-28,25.002384765706783
2024-07-01,25.037433005466646
2024-07-02,25.20383010721793
2024-07-03,25.53805592443966
2024-07-05,24.957428196287218
2024-07-08,24.730666243660323
2024-07-09,24.960960227182085
2024-07-10,24.604459177659702
2024-07-11,25.345314129829454
2024-07-12,25.448220292434478
2024-07-15,24.809695597279305
2024-07-16,24.66343920907381
2024-07-17,24.675755225668052
2024-07-18,24.639501662357908
2024-07-19,24.623025492652918
2024-07-22,24.88146714228734
2024-07-23,24.570761275492657
2024-07-24,24.859989637935822
2024-07-25,24.688754204912318
2024-07-26,24.540321687258725
2024-07-29,24.564348624389485
2024-07-30,24.46727092376465
2024-07-31,24.408595369544397
2024-08-01,24.412117686940093
2024-08-02,24.75736748052957
2024-08-05,25.32799344806112
2024-08-06,24.845948212655706
2024-08-07,25.124173833276824
2024-08-08,25.148450094713816
2024-08-09,24.99875233134052
2024-08-12,25.181974633948485
2024-08-13,24.919424943161598
2024-08-14,24.378896761591083
2024-08-15,24.46031113899718
2024-08-16,24.89672978028282
2024-08-19,24.885469249458392
2024-08-20,24.36375954908269
2024-08-21,24.53245801698322
2024-08-22,24.538273057703766
2024-08-23,24.662142211491258
2024-08-26,24.525022044685095
2024-08-27,24.761760186375554
2024-08-28,24.51249646629222
2024-08-29,24.688458843849723
2024-08-30,24.575750141599123
2024-09-03,24.655903402744098
2024-09-04,24.687469006897285
2024-09-05,24.62382369282123
2024-09-06,24.706235000585405
2024-09-09,24.451846920643625
2024-09-10,24.288564249876877
2024-09-11,24.287434046122957
2024-09-12,24.075200543197518
2024-09-13,24.08984920108036
2024-09-16,24.193853030644966
2024-09-17,24.490801671983554
2024-09-18,24.423766436983747
2024-09-19,24.875884890647963
2024-09-20,24.93733092361675
2024-09-23,25.360757100691483
2024-09-24,27.773389754137696
2024-09-25,27.065660269079867
2024-09-26,29.111106124789043
2024-09-27,29.38171576428688
2024-09-30,28.90967377045495
2024-10-01,30.382632332199627
2024-10-02,32.55350677498696
2024-10-03,31.712318027587692
2024-10-04,32.528940192169564
2024-10-07,33.726548340517084
2024-10-08,30.350891789702512
2024-10-09,29.65375809157324
2024-10-10,30.095300565095425
2024-10-11,30.051234927648775
2024-10-14,29.244717885956504
2024-10-15,27.997333961908726
2024-10-16,28.3691558118907
2024-10-17,27.64971184297223
2024-10-18,28.722294700594208
2024-10-21,28.384997096977415
2024-10-22,28.623772333428988
2024-10-23,28.82452549839965
2024-10-24,28.591113169862307
2024-10-25,28.59197496735903
2024-10-28,28.99809212777794
2024-10-29,28.74489295524949
2024-10-30,28.463167142900435
2024-10-31,28.96803854970583
2024-11-01,28.955975987776505
2024-11-04,29.19251622147855
2024-11-05,29.54062655967794
2024-11-06,27.976142418075224
2024-11-07,29.286260313631203
2024-11-08,27.458517171300638
2024-11-11,27.432379043032018
2024-11-12,26.503541697337674
2024-11-13,26.455710295037772
2024-11-14,26.345438466221605
2024-11-15,26.8654750008676
2024-11-18,27.261680498761322
2024-11-19,26.870602646137794
2024-11-20,26.98525081017027
2024-11-21,26.68290831475178
2024-11-22,26.021997861629803
2024-11-25,25.942764497230286
2024-11-26,25.651595196446813
2024-11-27,26.418122778138486
2024-11-29,26.255018147922826
2024-12-02,26.259929466853073
2024-12-03,26.360107025059047
2024-12-04,26.00846708936541
2024-12-05,26.128771924959317
2024-12-06,26.422821371531356
2024-12-09,28.743401007719903
2024-12-10,27.516943429763568
2024-12-11,27.048087609457838
2024-12-12,27.2054471567297
2024-12-13,26.86531967170126
2024-12-16,26.312405761423214
2024-12-17,26.88676220571023
2024-12-18,27.152479222416325
2024-12-19,27.33255512614141
2024-12-20,27.168920803591206
2024-12-23,27.255783989158854
2024-12-24,27.298604065195427
2024-12-26,27.32312861593389
2024-12-27,27.37422367810025
2024-12-30,27.36708739957153
2024-12-31,27.42197187741025
2025-01-02,26.992823000527892
2025-01-03,27.10544703152346
2025-01-06,26.59547326590127
2025-01-07,26.567675274117086
2025-01-08,26.430398228854905
2025-01-10,26.057987595938272
2025-01-13,26.144782447379917
2025-01-14,26.680189160795152
2025-01-15,26.55981509599721
2025-01-16,26.619914016483527
2025-01-17,26.867747985406115
2025-01-21,26.92171810782098
2025-01-22,26.57969100963039
2025-01-23,26.461377663271445
2025-01-24,27.198850584855432
2025-01-27,27.835756344444828
2025-01-28,27.91303032801909
2025-01-29,27.924680597867052
2025-01-30,28.43879863452549
2025-01-31,27.97685029067665
2025-02-03,28.01625117328646
2025-02-04,28.487575967359714
2025-02-05,27.900680812561784
2025-02-06,28.10881351992858
2025-02-07,28.76395511653078
2025-02-10,29.346815228610858
2025-02-11,29.080287450948834
2025-02-12,29.900566084394818
2025-02-13,29.579531207048642
2025-02-14,30.34302333270233
2025-02-18,30.47869166459633
2025-02-19,30.191733001249638
2025-02-20,30.906060678706353
2025-02-21,31.892704087395103
2025-02-24,30.968771731433222
2025-02-25,31.434522380460557
2025-02-26,32.359985340572386
2025-02-27,32.532934965387035
2025-02-28,31.304408977180287
2025-03-03,31.211459416462635
2025-03-04,32.070416360478454
2025-03-05,33.31405537243483
2025-03-06,34.08204566383816
2025-03-07,33.88291331524709
2025-03-10,33.87768905933509
2025-03-11,34.56055457694438
2025-03-12,34.340340145824214
2025-03-13,35.0340886610394
2025-03-14,35.32884417920226
2025-03-17,35.88702095167106
2025-03-18,36.22267594422708
2025-03-19,35.68347895337426
2025-03-20,34.75994162509592
2025-03-21,34.12314285022905
2025-03-24,33.623654536029875
2025-03-25,33.20457813368184
2025-03-26,33.57799364117273
2025-03-27,34.047985052528915
2025-03-28,33.951999086834014
2025-03-31,33.725606812736494
2025-04-01,33.55554814681414
2025-04-02,33.13939180417092
2025-04-03,34.54332935355392
2025-04-04,34.10774718479077
2025-04-07,31.309046407777686
2025-04-08,31.372538824932448
2025-04-09,30.396247407585108
2025-04-10,31.66880882789176
2025-04-11,32.47413522479853
2025-04-14,32.581959460591115
2025-04-15,32.487437848547366
2025-04-16,32.464936503757144
2025-04-17,32.398684326810404
2025-04-21,33.219392843046805
2025-04-22,33.40533181155708
2025-04-23,33.25936480329082
2025-04-24,32.84331764393618
2025-04-25,32.48344521135717
2025-04-28,32.49017167460544
2025-04-29,32.09686256565873
2025-04-30,32.14108714334428
2025-05-01,31.84893096905441
2025-05-02,32.42329232359734
2025-05-05,32.57292450755106
2025-05-06,33.22427873452974
2025-05-07,32.33469284174397
2025-05-08,32.60467875694818
2025-05-09,32.48770859216047
2025-05-12,32.54094401961994
2025-05-13,32.05836061879847
2025-05-14,32.52806919726517
2025-05-15,31.870731050985686
2025-05-16,31.572685802169474
2025-05-19,31.732866434887878
2025-05-20,32.19507184690428
2025-05-21,32.59335906859
2025-05-22,32.41799759470181
2025-05-23,32.69534371128431
2025-05-27,31.699958438051684
2025-05-28,31.561999997218017
2025-05-29,31.776903233843225
2025-05-30,31.258759285355936
2025-06-02,31.39449710154121
2025-06-03,31.52556416823199
2025-06-04,32.125838141409815
2025-06-05,32.51263134872636
2025-06-06,32.147004510056284
2025-06-09,32.530615611100316
2025-06-10,32.48687161293737
2025-06-11,32.74610583141215
2025-06-12,32.485693411888235
2025-06-13,32.253425083082206
2025-06-16,32.480002549525906
2025-06-17,32.37579648101841
2025-06-18,31.942853435293863
2025-06-20,31.812057384872833
2025-06-23,31.997547736139754
2025-06-24,32.54262792044429
2025-06-25,32.48933648243143
2025-06-26,32.32410615304817
2025-06-27,31.86135650445045
2025-06-30,31.666673068709017
2025-07-01,31.73724728732598
2025-07-02,31.47392061518971
2025-07-03,30.87032998241736
2025-07-07,31.136407299881668
2025-07-08,31.47950175470046
2025-07-09,30.856891205625924
2025-07-10,31.059274500731636
2025-07-11,31.134702871277963
2025-07-14,31.441702974483793
2025-07-15,32.20115699808349
2025-07-16,31.948907602679267
2025-07-17,31.8562753778731
2025-07-18,32.278225625748284
2025-07-21,32.344106922290386
2025-07-22,32.78805212225577
2025-07-23,32.79679979856808
2025-07-24,32.634934516309414
2025-07-25,32.28879658967904
2025-07-28,32.15484958464038
2025-07-29,32.022050100307546
2025-07-30,31.693312712410215
2025-07-31,31.52635620169792
2025-08-01,31.529488981516018
2025-08-04,31.597106930641004
2025-08-05,31.902205202378592
2025-08-06,31.785869936399692
2025-08-07,31.770425552800475
2025-08-08,31.466137514226112
2025-08-11,31.243918175053388
2025-08-12,31.419968369723822
2025-08-13,32.26190313147752
2025-08-14,31.639967203640545
2025-08-15,31.714219395873915
2025-08-18,31.919689789806178
2025-08-19,31.794329013277846
2025-08-20,32.05419216872987
2025-08-21,32.133056072270385
2025-08-22,32.36462561830545
2025-08-25,32.42484720910177
2025-08-26,32.35565078704791
2025-08-27,31.458993502287765
2025-08-28,31.626845564741163
2025-08-29,32.10538160234924
2025-09-02,32.636008666576
2025-09-03,32.17071661391566
2025-09-04,31.42850990795864
2025-09-05,31.988528569076514
2025-09-08,32.35310187072244
2025-09-09,32.71224582828547
2025-09-10,32.413935805787425
2025-09-11,32.972308827142406
2025-09-12,32.78094859386655
2025-09-15,32.84088752292118
2025-09-16,33.103903154093786
2025-09-17,33.60531710502826
2025-09-18,33.01504697458989
2025-09-19,32.73237267652484
2025-09-22,32.35538123805933
2025-09-23,32.09230051493343
2025-09-24,32.57207856178523
2025-09-25,32.80369955240639
2025-09-26,32.34416212762422
2025-09-29,32.773348622781974
2025-09-30,32.77783599204445
2025-10-01,32.85709365569138
2025-10-02,33.112745047665626
2025-10-03,32.85150109471333
2025-10-06,32.71830424466691
2025-10-07,32.46723614655774
2025-10-08,32.36940442558547
2025-10-09,32.0364044248209
2025-10-10,31.15443888226581
2025-10-13,31.644238309576693
2025-10-14,31.57875235764152
2025-10-15,31.75835441034075
2025-10-16,32.1287698287247
2025-10-17,31.955414138140586
2025-10-20,32.01391174780201
2025-10-21,31.579516694661148
2025-10-22,31.585594144367057
2025-10-23,31.928776269009457
2025-10-24,31.77967209655937
2025-10-27,31.819645675124146
2025-10-28,31.565399047740506
2025-10-29,31.635184073176255
2025-10-30,31.346771900758707
2025-10-31,30.901878739979473
2025-11-03,30.937203359043945
2025-11-04,30.946735172368395
2025-11-05,31.153195335869814
2025-11-06,31.784049904852687
2025-11-07,31.594576396025854
2025-11-10,31.747834250968953
2025-11-11,31.675322994420892
2025-11-12,31.774213216642906
2025-11-13,32.105029442035956
2025-11-14,31.69161962590397
2025-11-17,31.630843487239574
2025-11-18,31.770058252589635
2025-11-19,31.327396797908975
2025-11-20,31.381185685978735
2025-11-21,31.18442467246717
2025-11-24,31.232123481969804
2025-11-25,31.13766966803559
2025-11-26,30.744575062511643
2025-11-28,30.701935853438222
2025-12-01,30.928574769399198
2025-12-02,30.75457661533292
2025-12-03,30.431135717662738
2025-12-04,30.486460274523047
2025-12-05,30.877619826857316
2025-12-08,30.644574366792533
2025-12-09,30.16594979552191
2025-12-10,30.175628466721673
2025-12-11,30.18258821682297
2025-12-12,30.425003672344936
2025-12-15,30.205938186450375
2025-12-16,30.001013869275255
2025-12-17,30.246901279716592
2025-12-18,30.3057398334866
2025-12-19,30.340076307721382
2025-12-22,30.17566810222671
2025-12-23,29.960617189048396
2025-12-24,29.871094183388543
2025-12-26,30.168603412666545
