Date,SPY,TLT
2020-01-03,-0.007601135910682695,0.015282414815781313
2020-01-06,0.0038076871952296646,-0.005694742682712996
2020-01-07,-0.002815733624203738,-0.0049274793568140594
2020-01-08,0.0053154706720607015,-0.006632934318930221
2020-01-09,0.006757587718539498,0.0035041387473486374
2020-01-10,-0.002881565232003728,0.008851718701101312
2020-01-13,0.0068536027154594385,-0.0030386148839869134
2020-01-14,-0.0015257150117024571,0.005131016527615812
2020-01-15,0.00225730932449843,0.006609748111514914
2020-01-16,0.008283965622346094,-0.0031555922404584197
2020-01-17,0.0031076786359646833,-0.008585172398672325
2020-01-21,-0.0019600650431254507,0.010450494997403598
2020-01-22,0.00012041803366064062,0.003507481297116029
2020-01-23,0.001146461321909968,0.00697717752033537
2020-01-24,-0.008932738380464392,0.00805658545133158
2020-01-27,-0.016159469613147865,0.015434802545345796
2020-01-28,0.010424826325348557,-0.007862173081317947
2020-01-29,-0.0008263685823206291,0.00973191239957374
2020-01-30,0.0032402040510746276,0.00013866641636234986
2020-01-31,-0.018324833756075333,0.009087511608774173
2020-02-03,0.007401082718146522,-0.0008097859433292575
2020-02-04,0.015126352370017034,-0.013558725310582397
2020-02-05,0.011481663218851,-0.010995114514789083
2020-02-06,0.0033593607851387375,0.004496835590583712
2020-02-07,-0.005344136614688521,0.012400473481045919
2020-02-10,0.007437560468623328,0.002766145087025613
2020-02-11,0.0017315098881042273,-0.005053485662234208
2020-02-12,0.006422176863488216,-0.00507871178677763
2020-02-13,-0.0010676015093401268,0.0038288798893729757
2020-02-14,0.001601024476166979,0.004367750918491518
2020-02-18,-0.00258045541893139,0.006825952307863339
2020-02-19,0.004770071059611614,-6.86971370831203e-05
2020-02-20,-0.004116944631223311,0.00780265127411469
2020-02-21,-0.010351451801392164,0.009297419820316698
2020-02-24,-0.033727843329944794,0.014817956599187844
2020-02-25,-0.030771038924108037,0.005309908947757032
2020-02-26,-0.003684962287316576,-0.005309908947757147
2020-02-27,-0.04595125054912258,0.010790165782807792
2020-02-28,-0.00421036250272036,0.022332620911876853
2020-03-02,0.042394881107264554,-0.007384863639678314
2020-03-03,-0.029050290832583578,0.015406038943323614
2020-03-04,0.04117357000403007,-0.010675296779657017
2020-03-05,-0.033806668100878,0.02458736245173313
2020-03-06,-0.016669387863500897,0.05073447177274972
2020-03-09,-0.08131254418237527,0.02674281620686436
2020-03-10,0.05045072405665995,-0.05261914039573543
2020-03-11,-0.04997678923328211,-0.03749176920583806
2020-03-12,-0.10056896235424412,0.006178025883591608
2020-03-13,0.08202793759797489,-0.022862508877032058
2020-03-16,-0.11588643591262306,0.0627547567834318
2020-03-17,0.05258496660646296,-0.06901049362211588
2020-03-18,-0.051959647593587475,-0.058066357656671605
2020-03-19,0.002122679894305281,0.026861239429190362
2020-03-20,-0.044050176083779875,0.07250289579190813
2020-03-23,-0.025900694471061473,0.040383259137980215
2020-03-24,0.08673090648574484,-0.01879040125922625
2020-03-25,0.01485924293595729,-0.0022741491605181617
2020-03-26,0.05674872715488647,0.00490980627240118
2020-03-27,-0.03023841472950658,0.0263431729511253
2020-03-30,0.031959523971438045,-0.008263112656279955
2020-03-31,-0.015017421822611891,-0.008150181652311073
2020-04-01,-0.046049277299835954,0.013913701099932603
2020-04-02,0.022813280639506175,0.006325299029004364
2020-04-03,-0.01455981625672486,0.002376982021384046
2020-04-06,0.06500685787482133,-0.002614326242563249
2020-04-07,0.0010190033240976499,-0.01052760195800705
2020-04-08,0.033017279772874365,-0.0073030281203917205
2020-04-09,0.015102625633973011,0.0018156403438205797
2020-04-13,-0.009172288963338535,-0.00917228529433894
2020-04-14,0.02906651847124852,-0.00024411686993541543
2020-04-15,-0.02147698878285426,0.02614464905442432
2020-04-16,0.00481279016372164,0.01129354798926188
2020-04-17,0.026656824680497317,-0.013495539362085526
2020-04-20,-0.017774956994797607,0.008012365366542252
2020-04-21,-0.030833939159041084,0.012513659393809915
2020-04-22,0.02195207147334112,-0.010269889610568602
2020-04-23,-7.177068545445616e-05,0.005295152573014213
2020-04-24,0.013842472566682045,0.002343856507634752
2020-04-27,0.01431527883643243,-0.018789621791565406
2020-04-28,-0.004608733545500875,0.011446050160617623
2020-04-29,0.02584168639688164,-0.005203047022999446
2020-04-30,-0.009354481213837985,-0.011745111286633482
2020-05-01,-0.026830213232662055,0.008526759725414569
2020-05-04,0.0027543060578300005,-0.004715090038498844
2020-05-05,0.009197223227059414,-0.0064216496651472305
2020-05-06,-0.006801711675233251,-0.01626718626100588
2020-05-07,0.011994316725815503,0.016567718762855597
2020-05-08,0.016411008122122143,-0.013085849317420484
2020-05-11,0.0002050090939636034,-0.007836192474797322
2020-05-12,-0.020132808822533068,0.010211840578662352
2020-05-13,-0.01784432440734037,0.0069720000461037535
2020-05-14,0.011896245979173553,0.009739763565477016
2020-05-15,0.004586303678608403,-0.0025760505525213606
2020-05-18,0.03000517060110884,-0.02219866189484519
2020-05-19,-0.010324184883936471,0.003734111899100695
2020-05-20,0.016845511580308115,0.002989719779974081
2020-05-21,-0.00692802344714055,0.002494305421403761
2020-05-22,0.0018972517534301936,0.00599832853656417
2020-05-26,0.012245387607128394,-0.013500979465788309
2020-05-27,0.014769065979782803,-0.0018380547043328182
2020-05-28,-0.0018466379120636086,-0.003687495103104108
2020-05-29,0.004446386068489602,0.007116389270931218
2020-06-01,0.0040334475662908605,-0.006755680462583729
2020-06-02,0.008245731946996314,-0.003642313153458478
2020-06-03,0.013220537456506089,-0.013386410278733277
2020-06-04,-0.0026300129775410374,-0.014584829723121336
2020-06-05,0.0253066056063488,-0.007148579480908698
2020-06-08,0.012014929728497483,0.003835708475450589
2020-06-09,-0.0074843598211944955,0.011294621638313075
2020-06-10,-0.005595796925792208,0.014718588321169084
2020-06-11,-0.059377477521728485,0.018724406339072196
2020-06-12,0.011904697873328433,-0.009687772058664322
2020-06-15,0.009292319468345729,0.0005544268790300139
2020-06-16,0.019064739134528403,-0.015452638227531474
2020-06-17,-0.0041624141341282455,0.004119396563938178
2020-06-18,0.00038480409852016103,0.010532181012967568
2020-06-19,-0.005731061024672388,0.0008010606506257656
2020-06-22,0.006394322520502029,0.0001232257445715271
2020-06-23,0.004593476584968965,-0.006858140708036189
2020-06-24,-0.025839655520056272,0.010667979780939061
2020-06-25,0.010662997108423899,0.0028785387068648383
2020-06-26,-0.02403768712826181,0.010647062534981152
2020-06-29,0.014590408710470385,-0.003151834441182683
2020-06-30,0.01272834148108572,-0.004868853954613091
2020-07-01,0.00698020313655268,-0.0019441321905726695
2020-07-02,0.005492094623195943,0.001040275650956839
2020-07-06,0.015319208140077149,-0.004104005358513496
2020-07-07,-0.010367323749867638,0.013958187447871535
2020-07-08,0.007619409997648667,-0.0040027782795835415
2020-07-09,-0.005708871979718506,0.015796305965639832
2020-07-10,0.010158754667163898,-0.005037270444889983
2020-07-13,-0.008696728114153167,0.003301200898983717
2020-07-14,0.01287566346199804,0.0014372623067457318
2020-07-15,0.009145201307574815,-0.004678216401113269
2020-07-16,-0.003298577199254004,0.004737856045504604
2020-07-17,0.0028945596780009368,-0.002096075333729179
2020-07-20,0.008049193716673725,0.0024552349470782406
2020-07-21,0.0021254256388802263,0.0005977045146668052
2020-07-22,0.005675666530028344,0.0029849950889003097
2020-07-23,-0.012003485994081624,0.011613336024812489
2020-07-24,-0.0064611826113142035,-5.914230226832263e-05
2020-07-27,0.0072659539856271636,-0.003718697572061615
2020-07-28,-0.00636236093036035,0.006894731001982312
2020-07-29,0.012223695646199928,-0.0017041235162968949
2020-07-30,-0.0035743153014714513,0.006567107657684092
2020-07-31,0.00787100749484095,-0.0006433783125644327
2020-08-03,0.006928074863510175,-0.005047765497934829
2020-08-04,0.0038552231534151457,0.009487435291304261
2020-08-05,0.006191623784371583,-0.00878152028538679
2020-08-06,0.0066623030771269355,0.005570502995693127
2020-08-07,0.0007179063935300015,-0.006688062402199957
2020-08-10,0.0029842679479339155,-0.004483723705363584
2020-08-11,-0.008288556616977872,-0.011956483353669448
2020-08-12,0.013845698146883401,-0.009137196099765191
2020-08-13,-0.0018093160389493607,-0.010747118581901817
2020-08-14,2.955417334015475e-05,-0.003914461017474361
2020-08-17,0.0031718930509082115,0.002509949705641858
2020-08-18,0.0021577233042316983,0.0071264994215975135
2020-08-19,-0.004172112769652691,-0.0062708682181090904
2020-08-20,0.0031083035519194955,0.008998296145533888
2020-08-21,0.0035413472356316308,0.0059747378299837344
2020-08-24,0.010082160522245693,-0.0016260941678137317
2020-08-25,0.0034932250482018097,-0.007683045072227701
2020-08-26,0.009975531781206127,-0.0038336420164599497
2020-08-27,0.0021843147249364122,-0.017155602187463773
2020-08-28,0.006438526985083536,-0.0007441422240402358
2020-08-31,-0.0036289724309624713,0.006618809577795033
2020-09-01,0.009374270291964804,0.011373234433463261
2020-09-02,0.014360461528487288,0.009475058901752546
2020-09-03,-0.03502014720697524,0.0028367542929936297
2020-09-04,-0.008198579340695135,-0.01917049382230801
2020-09-08,-0.02770287986680147,0.006125954679342033
2020-09-09,0.019554790517974017,-0.0026913377030230723
2020-09-10,-0.01751641910939142,0.00507035456182487
2020-09-11,0.000509190987079607,0.0021299137143386427
2020-09-14,0.013085370489612193,-6.0682814596454885e-05
2020-09-15,0.005039569101267586,-0.00243459647521003
2020-09-16,-0.0039763255830419396,-0.002990943925680097
2020-09-17,-0.008834242570084711,0.0030516654458859834
2020-09-18,-0.011579554662019636,-0.0031133393963242452
2020-09-21,-0.011192029516653266,0.005061677537852953
2020-09-22,0.01013278989238348,-0.0007909659759463089
2020-09-23,-0.02346401061158445,0.0013384094157426248
2020-09-24,0.002661846234209251,0.0038224332945471016
2020-09-25,0.016037832043553826,0.0
2020-09-28,0.01647280739874784,-0.0028501091751133457
2020-09-29,-0.005461071322643291,0.0011531501296275066
2020-09-30,0.007553809070181639,-0.009631254591279073
2020-10-01,0.006398971734593407,0.001647953155985086
2020-10-02,-0.009539427944906718,-0.003741224437978327
2020-10-05,0.017577720997502627,-0.019732185593282908
2020-10-06,-0.014318156440950287,0.005374580225562027
2020-10-07,0.017256863742417472,-0.007319287240165456
2020-10-08,0.008823585106780399,0.0053854614324110065
2020-10-09,0.00889048812883246,-0.00018749453964500982
2020-10-12,0.015959851404921,0.0031806297810086388
2020-10-13,-0.0065475865004304724,0.007135274956133736
2020-10-14,-0.006303363175248366,0.0022845328162907
2020-10-15,-0.0012366378118580012,-0.0017284776646596949
2020-10-16,-0.0006046649354867593,-0.0027841492921341893
2020-10-19,-0.015319911002829596,-0.0037874226162805747
2020-10-20,0.003997738588063594,-0.009561411433700054
2020-10-21,-0.0018949406845288805,-0.003459585149136516
2020-10-22,0.005470412328984666,-0.010451266777410245
2020-10-23,0.003389464756013707,0.006093941214007321
2020-10-26,-0.018652878299203805,0.009260370044204075
2020-10-27,-0.0034532946064557207,0.006686729097027737
2020-10-28,-0.0347768796674824,0.0009336579785965621
2020-10-29,0.01011221133960566,-0.009754694119717607
2020-10-30,-0.010479633494348883,-0.009914742336413351
2020-11-02,0.011146234805328864,0.007462678547943494
2020-11-03,0.017501910114002494,-0.005818048216429856
2020-11-04,0.02210311369851533,0.021459725461552975
2020-11-05,0.01931501128474076,0.0017367599742159807
2020-11-06,-0.00022847226732477735,-0.012158101797990635
2020-11-09,0.012487614280962366,-0.02123888729587152
2020-11-10,-0.0014678380745085477,-0.0057842303597783005
2020-11-11,0.0074012328319010105,0.003603259701256564
2020-11-12,-0.009748408417291627,0.0168743060916211
2020-11-13,0.013749572377042767,-0.0013265227423803394
2020-11-16,0.012405129469059199,-0.0024059197542432905
2020-11-17,-0.005392448730030064,0.006507347699328916
2020-11-18,-0.01210791408941938,0.0028921897698873087
2020-11-19,0.004201197696996397,0.0051353421300378115
2020-11-20,-0.006871533188086485,0.00883041207564094
2020-11-23,0.005976789366996846,-0.004592572117559519
2020-11-24,0.015984979395532745,-0.010001862325097257
2020-11-25,-0.0015427147434103829,-0.0030827434739476136
2020-11-27,0.002781115622192642,0.00965811748368795
2020-11-30,-0.004437019355829752,-0.0012491765725922799
2020-12-01,0.010878128518669367,-0.014853474409551724
2020-12-02,0.0021015089121774223,-0.007968913652854296
2020-12-03,-0.0002726877865302478,0.008031857081532952
2020-12-04,0.00858068800264754,-0.014774186952213329
2020-12-07,-0.0020568837099393107,0.008980089081375703
2020-12-08,0.0029216665539282733,0.004714210933314414
2020-12-09,-0.009009080778250777,-0.0033106891324509247
2020-12-10,-0.00032725231516937686,0.008824511256335479
2020-12-11,-0.0011733849646779497,0.003533924840888016
2020-12-14,-0.004487199771272619,-0.0027755951275203424
2020-12-15,0.01342891453276398,-0.0033527786846970237
2020-12-16,0.0015680032966065135,-0.0026649835542536153
2020-12-17,0.005576737692058076,-0.0026496852679795562
2020-12-18,-0.0040010939646915504,-0.0030019536538758423
2020-12-21,-0.003582133528435646,0.0039578954378881185
2020-12-22,-0.0016867878747739778,0.005147303995349633
2020-12-23,0.0008983614496008165,-0.006932643128308971
2020-12-24,0.003883128055876931,0.003949436408238298
2020-12-28,0.008553790554349986,0.0004450720593400203
2020-12-29,-0.0019095887298258122,-0.0012719981626338169
2020-12-30,0.0014258101089403676,0.002161661751338205
2020-12-31,0.00506804019796874,0.0014588801342668156
2021-01-04,-0.013707540240305042,-0.0012054669134294472
2021-01-05,0.00686378678257687,-0.007454375443806043
2021-01-06,0.005960647994072617,-0.020741686230244052
2021-01-07,0.014748396033871956,-0.00885332902318774
2021-01-08,0.005681326795277631,-0.003232964806017727
2021-01-11,-0.006763753678501607,-0.0016537194804405713
2021-01-12,0.00021131411040562956,-0.0007946679560061895
2021-01-13,0.0026893150649890465,0.011198991937489534
2021-01-14,-0.003508233330493555,-0.009411433748983702
2021-01-15,-0.007319148553617203,0.003959146102292579
2021-01-19,0.007820992566662462,0.0032218675327799315
2021-01-20,0.013744108660130608,0.0009852796700632008
2021-01-21,0.0009111463598136091,-0.007042954688676529
2021-01-22,-0.0035456576419901375,0.0032308848412889953
2021-01-25,0.0039361136434107056,0.011716918502412568
2021-01-26,-0.00156222847691808,-0.0018885130055505113
2021-01-27,-0.02474399844580973,0.0025390423729489383
2021-01-28,0.008563179184435447,-0.005542568977404943
2021-01-29,-0.020222403655953857,-0.006034605148688226
2021-02-01,0.016508477853645707,0.0011585024678712446
2021-02-02,0.014041246012726853,-0.006468452269904894
2021-02-03,0.0007858337245435302,-0.008912343366364693
2021-02-04,0.011301565780436446,-0.002676108136619376
2021-02-05,0.00392807771703853,-0.00840876277969802
2021-02-08,0.007195871399933672,0.004381454225229154
2021-02-09,-0.0006656895259460376,0.0007397996946509111
2021-02-10,-0.0004357980374269395,0.006631422409194986
2021-02-11,0.0016136219323749884,-0.00548999229761311
2021-02-12,0.004927470693298598,-0.012497167285803207
2021-02-16,-0.0008659774707326769,-0.015343767600119906
2021-02-17,0.0002293121229668894,0.006330576890586405
2021-02-18,-0.00426511765488458,-0.004055232994536682
2021-02-19,-0.0017676301418725767,-0.013381169337797707
2021-02-22,-0.0077213274495170755,-0.007637064133822158
2021-02-23,0.0012135185668177458,-0.002887497248646872
2021-02-24,0.01095905080106635,-0.0065821056483371145
2021-02-25,-0.024390726818259937,-0.01646524639316821
2021-02-26,-0.0051657947936267256,0.032524739145799855
2021-03-01,0.023950828283377155,-0.013295743215465639
2021-03-02,-0.00783371338176634,7.086048642734442e-05
2021-03-03,-0.01333419556546076,-0.010905313045419017
2021-03-04,-0.012452181187362405,-0.006470456280223236
2021-03-05,0.018229442151838565,0.0019457032903854152
2021-03-08,-0.004991073826874901,-0.007805695959137673
2021-03-09,0.01417648059329122,0.013762950345859816
2021-03-10,0.006205241216334536,0.0020017301723616694
2021-03-11,0.0100879694199555,-0.0072394532706591495
2021-03-12,0.0013460675182331721,-0.0214499949761481
2021-03-15,0.005945916807017969,0.005862572261243199
2021-03-16,-0.0012621927144447016,-0.004026142090660731
2021-03-17,0.0034042297019288804,-0.007511697201760005
2021-03-18,-0.014656838231482726,-0.010178046407403291
2021-03-19,-0.0018517050974177155,0.006178808699799463
2021-03-22,0.007953232761155641,0.0111436180821298
2021-03-23,-0.00790186405278622,0.008986156349044684
2021-03-24,-0.005096496088940046,0.005368049107938187
2021-03-25,0.005609703624649632,-0.007916676349542068
2021-03-26,0.015986430247828542,-0.003506217423957126
2021-03-29,-0.000505231020176851,-0.008524384428463526
2021-03-30,-0.0026564524376015194,0.005226013036748954
2021-03-31,0.004045182883427752,-0.005595723303948171
2021-04-01,0.010741181748637344,0.01646115742584106
2021-04-05,0.014251086527862054,-0.004372633583281021
2021-04-06,-0.0005908479385005115,0.006769598924919734
2021-04-07,0.001156502705371419,-0.006989006054492634
2021-04-08,0.004735687540079231,0.008221503352579483
2021-04-09,0.007244055589049659,-0.0036294626397255143
2021-04-12,0.00036452177467165747,-0.00043591246957656925
2021-04-13,0.0029592312265086596,0.0074651608815208504
2021-04-14,-0.0034209231753351277,-0.0031822393026814826
2021-04-15,0.01068516868159814,0.016595777535835774
2021-04-16,0.00333659918080485,-0.0077966608827618996
2021-04-19,-0.0049250273288342005,-0.0028764118269127693
2021-04-20,-0.007348487925032637,0.004598397836172273
2021-04-21,0.009417589350772667,0.00200529609816898
2021-04-22,-0.009174987299117239,0.004354658263934783
2021-04-23,0.010784140008529803,-0.0023537561234200873
2021-04-26,0.002085311663011686,-0.0014286709749211457
2021-04-27,-0.00021553919022138552,-0.008761584783073246
2021-04-28,-0.00028748389540794055,0.0006488285309394343
2021-04-29,0.006352410682569817,-0.0029593897484149144
2021-04-30,-0.006592108817101326,0.002310561217475513
2021-05-03,0.002154672197083876,0.0005992342556720747
2021-05-04,-0.006188412121153213,0.0067634585179459856
2021-05-05,0.00031269885665829777,0.0016478098425319946
2021-05-06,0.007953752341611163,0.0016450990315436237
2021-05-07,0.00725163058451785,-0.004943693476562605
2021-05-10,-0.009951889427072869,-0.010178651166638247
2021-05-11,-0.00896451664938343,-0.005675752145898767
2021-05-12,-0.021474159910882983,-0.010563376828154551
2021-05-13,0.011940856090597337,0.0015473765909209838
2021-05-14,0.015238625521287111,0.009307871010170402
2021-05-17,-0.0025478006138212514,-0.0021176225938108863
2021-05-18,-0.008653021280963461,-0.0025623031204086762
2021-05-19,-0.002625151886611077,-0.0024214314631301227
2021-05-20,0.010700432498695038,0.008195033643197907
2021-05-21,-0.0008191359073151125,0.0032015353994250396
2021-05-24,0.010142661330366834,0.003697036266248484
2021-05-25,-0.002221123383138617,0.009221069010565451
2021-05-26,0.0019825930337246094,-0.0017223785408251682
2021-05-27,0.0005248004881665777,-0.004030265625822198
2021-05-28,0.0017870431466883933,-0.0015885702159782094
2021-06-01,-0.0008812036597593102,-0.00022435974290374247
2021-06-02,0.0015714056193057453,0.0023129957893302058
2021-06-03,-0.0037182116515399534,-0.0037607134934817274
2021-06-04,0.009104314220982736,0.013601733686770492
2021-06-07,-0.0009704843177200173,-0.0030782059508362744
2021-06-08,0.00021276941467074592,0.007001842623185236
2021-06-09,-0.0014928104667300114,0.00879003050325561
2021-06-10,0.0046375469773168865,0.005980872097187581
2021-06-11,0.0016511123200605912,-0.001614755735150626
2021-06-14,0.0022365093801001786,-0.007688954335423712
2021-06-15,-0.0018358636733052944,-0.001204301026347846
2021-06-16,-0.005598996445305693,-0.0008510502918714298
2021-06-17,-0.0003316937838985186,0.014861006870117117
2021-06-18,-0.013582167104399656,0.018631330677843692
2021-06-21,0.014214344083433614,-0.01688531721318891
2021-06-22,0.005331905941895015,0.0024396664477176243
2021-06-23,-0.0012059910505796386,-0.0025791586819843577
2021-06-24,0.005898495592559821,0.0016040062232598408
2021-06-25,0.003545507324601615,-0.010437656471679803
2021-06-28,0.0020140681216320668,0.010228624407969763
2021-06-29,0.0005378736755520147,0.0016715894095559443
2021-06-30,0.0008415133921546695,0.004443222382528486
2021-07-01,0.005521086313921593,5.568875525439674e-05
2021-07-02,0.0076146106766360085,0.006016283579728658
2021-07-06,-0.0018232548645791093,0.011653223549685086
2021-07-07,0.0035279211483128744,0.008820270013312773
2021-07-08,-0.008181337924812898,0.003910102983054127
2021-07-09,0.010618321469080748,-0.014162955839129274
2021-07-12,0.0035752700411361806,-0.0012973843145245019
2021-07-13,-0.0034147204705895847,-0.007682577183784463
2021-07-14,0.001490991758726029,0.011297435587223327
2021-07-15,-0.003421307049856063,0.010970240245471217
2021-07-16,-0.007874316581022707,-0.001887571444663001
2021-07-19,-0.01487819608134753,0.021691364074990154
2021-07-20,0.0142288338905834,-0.009686419403549553
2021-07-21,0.008063444749724038,-0.012747404595790018
2021-07-22,0.0020920243397871355,0.009408550302116552
2021-07-23,0.010235592911652863,-0.0067111608746881855
2021-07-26,0.0024516628686159364,-0.0029673376684654046
2021-07-27,-0.004567859935602468,0.010614970498734923
2021-07-28,-0.000410247551372369,6.672211071477357e-05
2021-07-29,0.0041389998212123125,-0.005561705525211437
2021-07-30,-0.004868300217557958,0.0046925498438255605
2021-08-02,-0.002100318585397962,0.00887980643528381
2021-08-03,0.008102709332250107,0.0005304158902783378
2021-08-04,-0.004931279692743007,0.0020547128224090833
2021-08-05,0.006312843941858553,-0.005110718173267236
2021-08-06,0.0016511336118563613,-0.01684206314164835
2021-08-09,-0.0008137660101628333,-0.003592440269241875
2021-08-10,0.001243072392682693,-0.004629012566461653
2021-08-11,0.002481811432979005,-0.0006141684116803332
2021-08-12,0.0029925701415938737,-0.0016398102915719452
2021-08-13,0.0018179115170581946,0.015672430919982813
2021-08-16,0.002351975011929684,0.002420372435554363
2021-08-17,-0.006576830698059492,-0.00040285021820934134
2021-08-18,-0.01100513081320067,0.0033535969073239373
2021-08-19,0.001547117398962075,0.007337998378572728
2021-08-20,0.007925397600126326,0.0006642682449836348
2021-08-23,0.008758141281908745,-0.0006642682449835804
2021-08-24,0.0015861122066324325,-0.007806699890965073
2021-08-25,0.0020962713969594313,-0.008341467178255289
2021-08-26,-0.005920742020396183,0.002765716018680309
2021-08-27,0.00890116623864326,0.00678057386270252
2021-08-30,0.004388009912850696,0.002605676704403475
2021-08-31,-0.001482541066301459,-0.006829516272879848
2021-09-01,0.0005311125962719094,0.001673507051776822
2021-09-02,0.00307212207612696,0.004356266276638355
2021-09-03,-0.00024298542766074236,-0.009136345886947804
2021-09-07,-0.0035818812405004163,-0.00847129569413774
2021-09-08,-0.001219026434458369,0.0067823022926007575
2021-09-09,-0.004289401178119298,0.012027721679724025
2021-09-10,-0.007915776864090578,-0.008855393724156587
2021-09-13,0.0025559864319694946,0.006046518075604955
2021-09-14,-0.005411048296948927,0.01205059504711524
2021-09-15,0.008317733849091275,-0.003513590359506172
2021-09-16,-0.0015862860338119596,-0.004592575649560385
2021-09-17,-0.00978889034887475,-0.004815706469460318
2021-09-20,-0.016814644568315464,0.012325807762082742
2021-09-21,-0.0009452222580370933,-0.0008607648540191493
2021-09-22,0.009707471652478145,0.00594691458858872
2021-09-23,0.012076725160808236,-0.022855811951793155
2021-09-24,0.0016461390881061157,-0.009822018590146794
2021-09-27,-0.0028651892696483438,-0.0036828074018079595
2021-09-28,-0.020357533112558612,-0.0156997044458474
2021-09-29,0.0016817148321665854,0.0017336597644066658
2021-09-30,-0.012297660255097185,-0.00013813683288889597
2021-10-01,0.011813975944301443,0.00837966850236695
2021-10-04,-0.012979950840281777,-0.0025481819131077856
2021-10-05,0.010351342046633485,-0.009703707500332092
2021-10-06,0.004147451255117534,0.005625289175230951
2021-10-07,0.008608393892037016,-0.010512529319537764
2021-10-08,-0.0018254087415840916,-0.007023618108379786
2021-10-11,-0.007265870989802919,-0.0025406675053665
2021-10-12,-0.002464522164930636,0.016955602584065237
2021-10-13,0.00359099247633953,0.009679010073912723
2021-10-14,0.016680977984285607,0.003709001408907984
2021-10-15,0.007586713613831798,-0.005843987466915121
2021-10-18,0.002956034274298722,0.004678136829075503
2021-10-19,0.007685419794076507,-0.013890991680261346
2021-10-20,0.003920078710573279,-0.006773003437852049
2021-10-21,0.002604636599540675,-0.0011914105614187175
2021-10-22,-0.0010364964181386247,0.010953116058632754
2021-10-25,0.005348466400713532,-0.0015281313457077602
2021-10-26,0.0008996187669736951,0.00823525666067742
2021-10-27,-0.004440162971401252,0.01803062349339883
2021-10-28,0.009602551126748217,-0.0033900365344037733
2021-10-29,0.002027287632137557,0.0030519018525695094
2021-11-01,0.0017186459021854377,-0.007226237065139198
2021-11-02,0.0040350794061648244,0.004428542395186935
2021-11-03,0.006086558680615646,-0.010387695884727858
2021-11-04,0.004701421867322445,0.01045583278771878
2021-11-05,0.0034637148408577195,0.014844986227130862
2021-11-08,0.0008530970698532119,-0.001876815567606505
2021-11-09,-0.003310635463719208,0.012934007971902126
2021-11-10,-0.008077552784093904,-0.018451723074112938
2021-11-11,0.00032362076830170816,-0.0014860855010897923
2021-11-12,0.0075185228454418196,-0.004402207565381323
2021-11-15,0.00034228797850769353,-0.012636330376746772
2021-11-16,0.003950094362797283,-0.0025461767555648844
2021-11-17,-0.002432374265349608,0.007893485230551856
2021-11-18,0.0033907397140874956,0.0037529612513492595
2021-11-19,-0.001789835120753814,0.010503336788348862
2021-11-22,-0.002818967784267668,-0.011797569434527297
2021-11-23,0.0013250451171417036,-0.014565055792260199
2021-11-24,0.002666145518703647,0.015927915231925705
2021-11-26,-0.02255552203912499,0.0249548124073056
2021-11-29,0.012191977807216281,-0.00807018467157415
2021-11-30,-0.019649327688789568,0.015087408737208914
2021-12-01,-0.011169417424396045,0.006149985419419285
2021-12-02,0.015200142195560012,0.001246463753739549
2021-12-03,-0.008739380420234954,0.011861101158037964
2021-12-06,0.011773797435341982,-0.013830070732842247
2021-12-07,0.02047366693873173,-0.008112458845292674
2021-12-08,0.002644534162840773,-0.017436101338620707
2021-12-09,-0.006774473166479045,0.005577928057268871
2021-12-10,0.009369391894392664,-0.002415146472205584
2021-12-13,-0.00889783923295612,0.014670423822930163
2021-12-14,-0.006903740989726381,-0.00238557695046139
2021-12-15,0.015504285431110102,-0.009668819115475215
2021-12-16,-0.008857670629124572,0.00038950509951553297
2021-12-17,-0.010699823082676635,0.011267553876824085
2021-12-20,-0.01069045670708018,-0.007520273623336514
2021-12-21,0.01760318920682831,-0.003814799313949573
2021-12-22,0.009949050542033083,0.004616366443403384
2021-12-23,0.006202653509098654,-0.008715157731128092
2021-12-27,0.014053034969542666,0.0024207810316142497
2021-12-28,-0.0008175395788530315,-0.0039704647886780586
2021-12-29,0.0012783916131280573,-0.010984804962785675
2021-12-30,-0.002768303368121232,0.008351222855603434
2021-12-31,-0.0025234057178733942,0.0019585824371906447
2022-01-03,0.005773217497376334,-0.026600229222727825
2022-01-04,-0.0003348291475565952,-0.004166995456754497
2022-01-05,-0.019389050892344994,-0.005442427377200216
2022-01-06,-0.0009397676646445255,0.002585299196807834
2022-01-07,-0.003961445248056218,-0.007213883105516368
2022-01-10,-0.0012449886492557792,0.002456994977824331
2022-01-11,0.009067019981382558,0.006639432101580399
2022-01-12,0.002699932775249975,-0.003838186854649904
2022-01-13,-0.013874461122263733,0.008841168387835769
2022-01-14,0.00040891675163025267,-0.015225266713102007
2022-01-18,-0.01786833927477363,-0.014174458047932065
2022-01-19,-0.010437971668088544,0.006900065757865832
2022-01-20,-0.011129745579395542,0.006148008048995063
2022-01-21,-0.019825840569104847,0.01183635553996368
2022-01-24,0.004237898407739863,-0.008249780162195604
2022-01-25,-0.0122842067146436,-0.00161577142292787
2022-01-26,-0.0025120665688499943,-0.012167704755828197
2022-01-27,-0.004950072537592528,0.018196698812754597
2022-01-28,0.024532051064622994,0.00034893477775809666
2022-01-31,0.017850861325498932,-0.0051830411219782315
2022-02-01,0.006734074051368369,-0.0033251683269032027
2022-02-02,0.009667365938980231,0.0033813210727532865
2022-02-03,-0.023785851396799493,-0.007836190777682217
2022-02-04,0.004691147880557533,-0.014852770856651838
2022-02-07,-0.003214354622112609,0.0006477231182143948
2022-02-08,0.008194221925434444,-0.006708778446539127
2022-02-09,0.014530030202880814,0.0018799288345638097
2022-02-10,-0.01812904207051489,-0.016020242410346296
2022-02-11,-0.019915727105261672,0.014719051610389174
2022-02-14,-0.0032746598811360422,-0.012518825604714897
2022-02-15,0.01599810989945963,-0.011417983215405995
2022-02-16,0.0011202737706927758,0.00590941319876945
2022-02-17,-0.021592651872130914,0.007410801861224995
2022-02-18,-0.006496258850259857,0.010472004125631327
2022-02-22,-0.010789651807920107,0.0026010029619260083
2022-02-23,-0.017897911069757716,-0.013877452216236166
2022-02-24,0.014937070461057857,0.0006581196914722679
2022-02-25,0.02182422485976504,0.0007311567387069377
2022-02-28,-0.0025617872820004406,0.02168191114551075
2022-03-01,-0.015347557835449251,0.01149508525548956
2022-03-02,0.018229006270509693,-0.034780327257806394
2022-03-03,-0.004990924388181136,0.01013391049102143
2022-03-04,-0.008157822793187565,0.017116745858126416
2022-03-07,-0.029922260685529015,-0.007659141003190858
2022-03-08,-0.007610688374174498,-0.010110800256477114
2022-03-09,0.026457766545782496,-0.009846973833120894
2022-03-10,-0.004525867324233271,-0.014471855824923795
2022-03-11,-0.012796675432506614,0.003341293661563052
2022-03-14,-0.007335036733032641,-0.02362589138302418
2022-03-15,0.021752159917561967,-0.0017468998542172424
2022-03-16,0.02193189076574419,0.009759505390726252
2022-03-17,0.01243317371843456,-0.007481565743551497
2022-03-18,0.010893353353149468,0.012138956605124596
2022-03-21,-0.00029242190052567,-0.02342896207690567
2022-03-22,0.011633476932004469,-0.012894463941638788
2022-03-23,-0.012962138636064203,0.021677990349330527
2022-03-24,0.014961892888705865,-0.007863369780420149
2022-03-25,0.004871771216405611,-0.013969963062133625
2022-03-28,0.007087869808264192,0.008513403021379155
2022-03-29,0.012294975938995534,0.007524123571226284
2022-03-30,-0.0061940088174832235,0.007771245521080264
2022-03-31,-0.015511014151200816,0.0024258424839300147
2022-04-01,0.002830178861761628,0.0037991591910068244
2022-04-04,0.0085301020359817,-0.006973803319645371
2022-04-05,-0.01271181070276142,-0.022851581419761877
2022-04-06,-0.010049611240663708,-0.008126641071252117
2022-04-07,0.005026285598432882,-0.0075614286710871705
2022-04-08,-0.0026775126525024192,-0.01088973984596866
2022-04-11,-0.017240043676523834,-0.01595138508295536
2022-04-12,-0.003712154925694654,-0.001381572031253524
2022-04-13,0.0113884535382413,0.002031134707358442
2022-04-14,-0.012529821818578868,-0.020249259490214756
2022-04-18,0.0004109545481516191,-0.004981458622891353
2022-04-19,0.01601369947544622,-0.007518440282387955
2022-04-20,-0.0007419681103255768,0.01992564987080758
2022-04-21,-0.01506620727484805,-0.00742575096552838
2022-04-22,-0.027822647145973888,-0.006313942305913681
2022-04-25,0.005780934867280974,0.00995148309549417
2022-04-26,-0.029388458209432984,0.010016190364899244
2022-04-27,0.0028075810886451914,-0.012908553911525912
2022-04-28,0.024945788162410585,0.0014884014965787864
2022-04-29,-0.03765595152397467,-0.01305786198537514
2022-05-02,0.0060014823051892,-0.017486105053940798
2022-05-03,0.004573648886936673,0.0067193823438418425
2022-05-04,0.029998476045360267,0.005494869639069106
2022-05-05,-0.036189857135896765,-0.027780825227079163
2022-05-06,-0.005986832825669376,-0.014844908690421441
2022-05-09,-0.03254107332943149,0.00875890154120032
2022-05-10,0.0023080019113965945,0.009028786739419212
2022-05-11,-0.0160137244765613,0.019088815726404144
2022-05-12,-0.0010444832118221103,-0.0018672140079058954
2022-05-13,0.023626545684514853,-0.014890737880565141
2022-05-16,-0.004065866596616595,-0.0010353777044899393
2022-05-17,0.020361687643117295,-0.012156947313337661
2022-05-18,-0.041146524156107644,0.021093261627856887
2022-05-19,-0.006143532117651138,0.0023919932060079453
2022-05-20,0.0004365163358166145,0.011286322341143505
2022-05-23,0.018537177446338066,-0.01659124491998575
2022-05-24,-0.007663367651968422,0.01954038370476869
2022-05-25,0.00879617335466139,0.003946104505353594
2022-05-26,0.019784460460324223,-0.004535266290744095
2022-05-27,0.024252611683099123,0.0024384098716994096
2022-05-31,-0.00562676092213427,-0.021389631791077755
2022-06-01,-0.00812135970940136,-0.001143499556020604
2022-06-02,0.018864455381471676,0.0005162400275965071
2022-06-03,-0.016547636323993115,-0.002152597708477723
2022-06-06,0.0030401267030375064,-0.018615568044247383
2022-06-07,0.0095465454673883,0.01074182941770744
2022-06-08,-0.01093181900801433,-0.008899743580362766
2022-06-09,-0.024070149061547606,0.003324958146487904
2022-06-10,-0.02942446198711977,-0.0062212447240415384
2022-06-13,-0.03870765843850172,-0.03188185798574734
2022-06-14,-0.0030177826107334943,-0.012693984287319722
2022-06-15,0.014155599081313345,0.018484187424785505
2022-06-16,-0.0336559794911505,0.00790834088829509
2022-06-17,0.002153216124401208,0.0032173858069205513
2022-06-21,0.024862190619107986,-0.017097842830739958
2022-06-22,-0.0018146390264714605,0.02712936823598454
2022-06-23,0.009754773969352417,0.008181298457891633
2022-06-24,0.031298816874139664,-0.013939480281987703
2022-06-27,-0.0038269223139986487,-0.008565339537343813
2022-06-28,-0.02064445721336774,0.0046486895889280445
2022-06-29,-0.0008147945451265444,0.015487569824327247
2022-06-30,-0.008157419515602069,0.008743761834268228
2022-07-01,0.010520773458274844,0.010214177793105211
2022-07-05,0.0018869549161139843,0.007826436994925535
2022-07-06,0.003371528764066614,-0.01693334433298006
2022-07-07,0.014866198184796064,-0.008839138123536618
2022-07-08,-0.0008231073382682569,-0.011137894702714028
2022-07-11,-0.011489273388701884,0.017097522075156236
2022-07-12,-0.008888245672577282,0.005924320525793086
2022-07-13,-0.005265527902580643,0.011401341774939117
2022-07-14,-0.002431367696067261,-0.008192311906014193
2022-07-15,0.018924929052290537,0.005612308160445915
2022-07-18,-0.008291376731344688,-0.010472954525412212
2022-07-19,0.026660639342210923,-0.0054093556862661474
2022-07-20,0.006353002132265376,0.002620873582981227
2022-07-21,0.010131606758926446,0.01712861451505629
2022-07-22,-0.00932137515720148,0.016670982262366286
2022-07-25,0.0012143607101448512,-0.009832784122073994
2022-07-26,-0.0119018188803829,0.000766328305501685
2022-07-27,0.025635075903186526,-0.0056337737782653245
2022-07-28,0.012464366823773785,0.007929610930379818
2022-07-29,0.014473533506388402,-0.0027214614287691943
2022-08-01,-0.0029657613484003072,0.023798024281882383
2022-08-02,-0.006619164090440408,-0.021386918845158896
2022-08-03,0.015538175769591676,0.015622196498973168
2022-08-04,-0.0006757129387758122,-0.0003351964732175394
2022-08-05,-0.0016915149790290504,-0.024091178771375267
2022-08-08,-0.0011617579102535115,0.016012130371314125
2022-08-09,-0.003978911784737633,-0.003893847270596298
2022-08-10,0.020786631051898558,-0.00655319553318624
2022-08-11,0.0,-0.02358522427524395
2022-08-12,0.0167870987714563,0.01008964566270409
2022-08-15,0.004112301287910607,-0.0008658166442326267
2022-08-16,0.001956746908127974,0.004148995217045446
2022-08-17,-0.007123152038201889,-0.010492201641231097
2022-08-18,0.00290230930147038,0.0014807158062175563
2022-08-19,-0.013529266031085712,-0.016233286925708645
2022-08-22,-0.02104248684368971,-0.0033672581891436844
2022-08-23,-0.002422073010743711,-0.005518536735782629
2022-08-24,0.003195899020915571,-0.007345503248649335
2022-08-25,0.014018910402356408,0.013839947313091258
2022-08-26,-0.03443514682284403,0.007509221683012959
2022-08-29,-0.006634260759970481,-0.008307508337268942
2022-08-30,-0.011038516327661022,0.002481844576111431
2022-08-31,-0.007638045506520715,-0.009607125537521294
2022-09-01,0.0031328295729570674,-0.018477951962993684
2022-09-02,-0.010600462765508486,0.0056412156535000976
2022-09-06,-0.0037801565884518487,-0.025080741415050567
2022-09-07,0.01780569243694357,0.01569165243914285
2022-09-08,0.006514856672887359,-0.010310413958464007
2022-09-09,0.015415902180581552,0.002218472580696069
2022-09-12,0.010690179714538742,-0.008251147507371675
2022-09-13,-0.0444562396223814,0.0023244631918562823
2022-09-14,0.003808501888649507,0.0034306666020735184
2022-09-15,-0.011418155880070701,-0.0006478782735545317
2022-09-16,-0.007658161547921983,-0.008370814537602493
2022-09-19,0.007725142956091537,0.0023322950572644903
2022-09-20,-0.011544941509082762,-0.010020359541536343
2022-09-21,-0.017597771939570673,0.016614171641197013
2022-09-22,-0.008435054261827635,-0.02588035039441988
2022-09-23,-0.01689702511356754,0.004076689504890663
2022-09-26,-0.009941963884140372,-0.019296158757199682
2022-09-27,-0.0025559534380376124,-0.02668384429350363
2022-09-28,0.01948524625941856,0.03293353831128302
2022-09-29,-0.02111027108022547,-0.0051890355213692375
2022-09-30,-0.015584100454036373,-0.012995131889041693
2022-10-03,0.02605836821502824,0.015764879713234016
2022-10-04,0.030516381308000322,-0.002797056488895015
2022-10-05,-0.002330925603343331,-0.009607424051290777
2022-10-06,-0.0103695003451963,-0.005573631654190231
2022-10-07,-0.028290223120452544,-0.00975544923119031
2022-10-10,-0.0076645964708266685,-0.015668349243615785
2022-10-11,-0.006353222000058622,0.004416204436496344
2022-10-12,-0.0033037031114535958,0.00489479385547471
2022-10-13,0.026048717550833024,-0.009612498164773602
2022-10-14,-0.023052367166946277,-0.008284610883749327
2022-10-17,0.02537239518127819,-0.004881494523071379
2022-10-18,0.01168105178871512,0.002341975471623381
2022-10-19,-0.007111691721356478,-0.01837393047891844
2022-10-20,-0.008420769194312486,-0.01724072448056462
2022-10-21,0.02401086396615483,-0.018186891802807505
2022-10-24,0.012162425561778314,-0.008298899490858899
2022-10-25,0.015842189007576626,0.02869686739806347
2022-10-26,-0.0075624067614704,0.014304514944759832
2022-10-27,-0.005354283163864633,0.010416120811689623
2022-10-28,0.023512047470083137,-0.00689735139958404
2022-10-31,-0.00724950271829346,-0.007153604460515473
2022-11-01,-0.004385663041015721,0.009302063605017351
2022-11-02,-0.02541621464789964,-0.004349439152157353
2022-11-03,-0.010350420713425896,-0.005411847204613828
2022-11-04,0.014290593744487596,-0.016943177525490617
2022-11-07,0.009520091357032402,-0.010026889289453137
2022-11-08,0.005381088507366555,0.010875650412334775
2022-11-09,-0.02081744709858184,0.003282013634428773
2022-11-10,0.053497324062020686,0.037751873004095195
2022-11-11,0.009631930106047046,-0.0036708256731622793
2022-11-14,-0.0085429432931279,-0.002454783532225268
2022-11-15,0.008492762709041595,0.016050942700642508
2022-11-16,-0.0076579278361387565,0.02163269302083796
2022-11-17,-0.003064636320385973,-0.010608373652124286
2022-11-18,0.0045303448560657066,-0.006900919129538831
2022-11-21,-0.003643048885312058,0.004205868317842686
2022-11-22,0.013367363156326447,0.014091684582502826
2022-11-23,0.006281962136057954,0.01729162388140481
2022-11-25,-0.0002238361224569968,-0.0033955909902524117
2022-11-28,-0.0160857696773681,0.0028142983834008105
2022-11-29,-0.0017191003638542832,-0.011795153556837301
2022-11-30,0.031014934289515152,0.007327679275787641
2022-12-01,-0.0007363433744637208,0.03144625029093592
2022-12-02,-0.001154243869567783,0.012496996547703707
2022-12-05,-0.01815317916693631,-0.014106007615453981
2022-12-06,-0.014519563170679052,0.012797843473476265
2022-12-07,-0.0017026343796688402,0.02328929112458754
2022-12-08,0.007803380411573682,-0.0027446154077314846
2022-12-09,-0.007498335187531699,-0.02635859866623659
2022-12-12,0.014314310226031343,0.0031924495647354524
2022-12-13,0.007541253804180294,0.009609658775133907
2022-12-14,-0.00641390003442097,0.004261837200958626
2022-12-15,-0.02476576613004626,0.0038942329800838115
2022-12-16,-0.01187648998724394,-0.011233221106454486
2022-12-19,-0.008515742477011685,-0.01694818280145535
2022-12-20,0.001367384723891546,-0.0179164441927759
2022-12-21,0.014841844626527859,0.0025102972531686556
2022-12-22,-0.014368925572029087,-0.00019273610149220734
2022-12-23,0.005735591225156038,-0.01476931291104356
2022-12-27,-0.003951023806461798,-0.019971029895651887
2022-12-28,-0.012505848673967871,-0.005908987106842914
2022-12-29,0.017840190858396027,0.011286884671021014
2022-12-30,-0.0026375472502175213,-0.011186341531030927
2023-01-03,-0.004218726152639946,0.018904226654597484
2023-01-04,0.007690674476384629,0.013606898338482004
2023-01-05,-0.01147913961277679,0.004172125946060662
2023-01-06,0.02267307393644176,0.018229246565383612
2023-01-09,-0.0005669949603919192,0.005310200603380733
2023-01-10,0.006988235274417201,-0.016688521806679266
2023-01-11,0.012568639121057178,0.016120875118114324
2023-01-12,0.003633989923919406,0.019490868149100487
2023-01-13,0.0038722924632675496,-0.009417011193770326
2023-01-17,-0.001833542579809672,-0.006484272202331036
2023-01-18,-0.01591420859900223,0.02394244428317313
2023-01-19,-0.007306310114797901,-0.006279521069778822
2023-01-20,0.01845759538283221,-0.016344060321090162
2023-01-23,0.011927170159308238,-0.004719358709829593
2023-01-24,-0.001073849445554905,0.014278188120614713
2023-01-25,0.00037467799070319387,0.0024216650592045145
2023-01-26,0.01093046946650935,-0.004662543091464619
2023-01-27,0.002295013759648761,-0.0025271153141518347
2023-01-30,-0.012626084232327413,-0.003661499629984441
2023-01-31,0.014596140477694836,0.007962686836014116
2023-02-01,0.010571706781814917,0.011949481409340499
2023-02-02,0.01445206665157624,0.0012935920675734194
2023-02-03,-0.010685968230675398,-0.015068743802826579
2023-02-06,-0.0061301540092126355,-0.007431590690373158
2023-02-07,0.012993940918050811,-0.008057904214364293
2023-02-08,-0.010994875862742868,0.004747808153530879
2023-02-09,-0.008707092512569315,-0.0095185112390822
2023-02-10,0.002331010377066321,-0.011252646827016308
2023-02-13,0.01167052322408306,0.008379557658850078
2023-02-14,-0.00046036218971206417,-0.002304742315641869
2023-02-15,0.003242173907923405,-0.00936875542162287
2023-02-16,-0.013864462367547402,-0.014269393614325866
2023-02-17,-0.002501433366198442,0.00774622262835974
2023-02-21,-0.020264788781233098,-0.01962840478252046
2023-02-22,-0.0013791407597051517,0.009122173202665451
2023-02-23,0.005305211969160889,0.009724695208319721
2023-02-24,-0.010739791768857473,-0.01308629305002126
2023-02-27,0.0034001716731134144,0.002769628019101743
2023-02-28,-0.0037027290542829172,0.004532620035757844
2023-03-01,-0.00384355500918813,-0.01080120919212772
2023-03-02,0.007747333519959987,-0.00890668859883022
2023-03-03,0.015910483010821517,0.023937094937060546
2023-03-06,0.0006924528610425507,-0.0077836749299106806
2023-03-07,-0.015447386334491112,0.0061138918200886235
2023-03-08,0.001630793495174616,0.0009825580592645001
2023-03-09,-0.018621994209457527,0.002452305239765846
2023-03-10,-0.014534667983952919,0.033904631184051855
2023-03-13,-0.0014261938968444748,0.0022703455386523064
2023-03-14,0.016394783641697157,-0.01657795201767512
2023-03-15,-0.006273873175779294,0.019126166046604658
2023-03-16,0.01739311787821846,-0.007853483916206402
2023-03-17,-0.011761642317080288,0.014897263913212676
2023-03-20,0.009569607029223604,-0.008836033580961154
2023-03-21,0.013045113352113415,-0.008629479983643747
2023-03-22,-0.01719350178908529,0.01324520213176233
2023-03-23,0.002699668095998256,0.0
2023-03-24,0.006540697801589263,0.004220311432842563
2023-03-27,0.0018681189525204284,-0.023770892908228487
2023-03-28,-0.002247230449370855,0.0018190335776639647
2023-03-29,0.014430263912743433,-0.00201077237074225
2023-03-30,0.0058381983384705885,0.004590555079925614
2023-03-31,0.013996151078203178,0.01486987316047111
2023-04-03,0.0038033384660229735,0.004691960285791176
2023-04-04,-0.00556362813810612,0.004959414341327148
2023-04-05,-0.0026215834573425738,0.01040059423345343
2023-04-06,0.003893360506936203,0.002583000451179148
2023-04-10,0.0010257399969652266,-0.01625588538013337
2023-04-11,0.000268428305257472,0.002057872368219311
2023-04-12,-0.004084155467807712,-0.001028247415665685
2023-04-13,0.01319526327698446,-0.007889577962878029
2023-04-14,-0.0024457176675468082,-0.009188831700525067
2023-04-17,0.0035818762348654824,-0.011966860075040461
2023-04-18,0.0006519703199506352,0.003557107586495784
2023-04-19,-0.00016890933556701587,-0.0009602129992343827
2023-04-20,-0.00547212407840206,0.008513233736213797
2023-04-21,0.0007765418000560339,-0.005635356346745474
2023-04-24,0.0010427808698111908,0.009627792738485425
2023-04-25,-0.01600134145846912,0.014597362123750068
2023-04-26,-0.004244567190059756,-0.010715319471875581
2023-04-27,0.019712460936101923,-0.009972195952124212
2023-04-28,0.008498997390528604,0.016002100690184866
2023-05-01,-0.0010102983574799879,-0.02925873937012068
2023-05-02,-0.011302796206676546,0.024614465568770172
2023-05-03,-0.0068876930656770145,0.005566500131635708
2023-05-04,-0.0071081281258329404,-0.009927475177682166
2023-05-05,0.018343366077564927,-0.0033315860153966628
2023-05-08,0.00026646392983651186,-0.014113372728736109
2023-05-09,-0.004395023782547176,-0.0035844276713864758
2023-05-10,0.00466149333381033,0.009657329121292923
2023-05-11,-0.001745524155514195,0.010516116164645517
2023-05-12,-0.0013110302678721905,-0.008403913119679187
2023-05-15,0.0034440267488361574,-0.010411862099607826
2023-05-16,-0.0067049736174914845,-0.0030086569459273696
2023-05-17,0.012065744779009418,-0.0029202209510085183
2023-05-18,0.009587124378213794,-0.007436564323233979
2023-05-19,-0.0014561410372982656,-0.007096534939907771
2023-05-22,0.00040607248105696054,-0.003566778578542031
2023-05-23,-0.011286174752995313,0.0028743928178619964
2023-05-24,-0.007271335500636571,-0.004961354738028984
2023-05-25,0.008622585154029598,-0.0024898962713963808
2023-05-26,0.012867704524951229,0.008044861951853876
2023-05-30,0.0003807838939344843,0.009941710118152888
2023-05-31,-0.005560509945713708,0.008679137063233732
2023-06-01,0.009455919932725036,0.003915343365798049
2023-06-02,0.014357680622155132,-0.011018480409895257
2023-06-05,-0.0019180439071572065,-0.0018644550158097319
2023-06-06,0.0021750619494945883,0.005876688171598043
2023-06-07,-0.003463762980750255,-0.014955420697890272
2023-06-08,0.006030464121115898,0.011629400276359536
2023-06-09,0.0017925288676247228,-0.0013725640310593835
2023-06-12,0.00903105313850467,0.002939118462648801
2023-06-13,0.006571245907275237,-0.009929909161096633
2023-06-14,0.001190159645168165,0.007971456990030771
2023-06-15,0.01232143576232327,0.009560025668965782
2023-06-16,-0.0034120688260844893,-0.0038909987079257823
2023-06-20,-0.005201618002203161,0.006895913912512973
2023-06-21,-0.005136950950529657,0.002417107210835418
2023-06-22,0.0036033265805666408,-0.01214364164366708
2023-06-23,-0.007588891796318639,0.009920301897222995
2023-06-26,-0.00409396959033334,0.0010641491009574292
2023-06-27,0.010903535492957693,-0.002613451562009148
2023-06-28,0.0005042625894978985,0.0042554124342049846
2023-06-29,0.003933708403760831,-0.01821316106344468
2023-06-30,0.011731586774340188,0.01172566643827821
2023-07-03,0.0011498125921578402,-0.005685359939340428
2023-07-05,-0.0014882947174229815,-0.00954743956284899
2023-07-06,-0.007861312095934976,-0.014244168550591062
2023-07-07,-0.0025279840496128117,-0.006037474108957274
2023-07-10,0.0025279840496127428,0.0013111977373421965
2023-07-11,0.006348153111924476,0.005127475905934753
2023-07-12,0.008013756606454077,0.011069643603275905
2023-07-13,0.007905540525053587,0.01045792997392594
2023-07-14,-0.0006231518785150314,-0.005906216748170819
2023-07-17,0.0034664322093508845,0.000493588779157958
2023-07-18,0.007403035313686472,0.004529024156099193
2023-07-19,0.002221354983091294,0.01123321434191999
2023-07-20,-0.00665669390403269,-0.012216088396555205
2023-07-21,0.0,0.0002950218287691459
2023-07-24,0.0044574000108753365,-0.0036438379730644923
2023-07-25,0.0027263445951635564,-0.0018761631350695752
2023-07-26,0.000153716926777667,0.0009879369783273612
2023-07-27,-0.0066520094116614675,-0.01964461286307098
2023-07-28,0.009742705378644242,0.005122755016196675
2023-07-31,0.0019021960350707006,0.0024016577493006785
2023-08-01,-0.0028657659793755136,-0.01652274149927453
2023-08-02,-0.014008513713437976,-0.010756593463536836
2023-08-03,-0.0028698853654502803,-0.023341769660272703
2023-08-04,-0.004532964221282739,0.017557250497548162
2023-08-07,0.00869059859882088,-0.009889903497086681
2023-08-08,-0.004358151932552876,0.011546102704337468
2023-08-09,-0.006707596106063321,0.005157785824986429
2023-08-10,0.0003587521569966215,-0.01659964643145527
2023-08-11,-0.0005831436867974754,-0.0023039719080609382
2023-08-14,0.005504807088664889,-0.0022044021205938477
2023-08-15,-0.01171737237759677,-0.006113842285930604
2023-08-16,-0.007365126840118336,-0.007854727728614843
2023-08-17,-0.007648979645870159,-0.004271874003248116
2023-08-18,0.00048116872361271816,0.003525636898698797
2023-08-21,0.006485124299579299,-0.013420221339868291
2023-08-22,-0.0027122597752117753,0.007644960205881373
2023-08-23,0.01107619307595094,0.024475358439230443
2023-08-24,-0.013956072323721942,-0.0066160062761311126
2023-08-25,0.007025013845817389,0.0032608009854304754
2023-08-28,0.006321421116405789,0.0010496727605195282
2023-08-29,0.01435137754551154,0.010332854939417385
2023-08-30,0.004110315143090924,-0.0010391397356239833
2023-08-31,-0.0014645217276073425,0.0044596304143939116
2023-09-01,0.0018633679706151496,-0.01570137513190199
2023-09-05,-0.004331201172327783,-0.014121246171173088
2023-09-06,-0.006745165496496652,0.0024564275383744893
2023-09-07,-0.003074824157431942,0.002769172516093204
2023-09-08,0.0015048938422718271,0.003822520664836192
2023-09-11,0.006555075852567666,-0.007232168478164275
2023-09-12,-0.0055006221729313074,0.0057473337483581926
2023-09-13,0.0011652709107968806,-0.00021238855088790245
2023-09-14,0.008585243723628061,-0.007244048814656107
2023-09-15,-0.012121254731221078,-0.006112825042728472
2023-09-18,0.0005861344713803078,0.005685182234253893
2023-09-19,-0.002075919135696424,-0.007408261721958915
2023-09-20,-0.009235839594067641,0.0031204811375192786
2023-09-21,-0.016666580885269695,-0.026009450470955344
2023-09-22,-0.0022510113438973917,0.008016419562291774
2023-09-25,0.004196339831068333,-0.024917234235471594
2023-09-26,-0.014800160321723979,-0.0034817227917184634
2023-09-27,0.0003990775714834347,-0.005189615959473106
2023-09-28,0.005780668961602034,0.0030492581662701886
2023-09-29,-0.002429886510738691,0.00011305895904077533
2023-10-02,-0.0003977423217053844,-0.016881915023533426
2023-10-03,-0.013476497424165075,-0.021746790213784492
2023-10-04,0.007255537703200594,0.014009308798729437
2023-10-05,-0.00037671454926771063,-0.00499741871000102
2023-10-06,0.0118028099127645,-0.012190855420188608
2023-10-09,0.006381719501202674,0.02319854493841122
2023-10-10,0.005191355671116181,-0.0013837456321197823
2023-10-11,0.004087913669621721,0.020671146117304043
2023-10-12,-0.006114984667045948,-0.027502511866100122
2023-10-13,-0.00499334617028213,0.01773391177698657
2023-10-16,0.010466504839109292,-0.016225118530965144
2023-10-17,-4.5942780795092076e-05,-0.011081679233193722
2023-10-18,-0.01341458325302288,-0.008836884478705469
2023-10-19,-0.008825397265486394,-0.020685896360862637
2023-10-20,-0.012364161155670534,0.00566251105435643
2023-10-23,-0.0017346659940462301,0.011942173504293527
2023-10-24,0.0075111358728738005,0.013089939244679568
2023-10-25,-0.014456285264958799,-0.02251242213399953
2023-10-26,-0.0120468295501251,0.015222011615897904
2023-10-27,-0.0045431324658929614,-0.004257785743149079
2023-10-30,0.011885070894697059,-0.004513967724354877
2023-10-31,0.0062606486893448865,-0.004893429616387592
2023-11-01,0.010608161239138608,0.021450299857800264
2023-11-02,0.018982967503251007,0.022540908561352227
2023-11-03,0.009082112855741866,0.006755320325245515
2023-11-06,0.0022977501842802624,-0.009747005723496656
2023-11-07,0.0028419490701033813,0.014642191878016707
2023-11-08,0.0007323680219678841,0.016890052163102933
2023-11-09,-0.007829318284690853,-0.023269748328500785
2023-11-10,0.015484157630249684,0.005584266627574289
2023-11-13,-0.0009537278757249735,-0.002275482650234747
2023-11-14,0.01921506388501263,0.022414560527917484
2023-11-15,0.0021149222382123994,-0.014133824868527801
2023-11-16,0.0012223029494354525,0.012350395079059676
2023-11-17,0.0012430302443431583,0.004675292995300516
2023-11-20,0.007668136038905876,0.00608969022920825
2023-11-21,-0.002181686366697847,-0.00044148236831859674
2023-11-22,0.0038532181616074196,0.0035276999308177493
2023-11-24,0.0006151311341760395,-0.011844972768031627
2023-11-27,-0.0018024510628748434,0.016565847426546824
2023-11-28,0.0009896001648669781,0.00196971346988083
2023-11-29,-0.000703757807673656,0.012492493245069519
2023-11-30,0.003929671418548662,-0.01161878506666334
2023-12-01,0.005898600740895601,0.018659032183918667
2023-12-04,-0.005263190255120166,-0.003986579067533445
2023-12-05,-0.0001972029504596921,0.021258031626321772
2023-12-06,-0.004037859610658544,0.013229690370961871
2023-12-07,0.007601447905557832,-0.005753023959636227
2023-12-08,0.004289849831281693,-0.008216957973205388
2023-12-11,0.003882098430404455,-0.002117588979272717
2023-12-12,0.00455673065434561,0.0029633530004688187
2023-12-13,0.013696081995478195,0.023191199628290363
2023-12-14,0.0032041447661326594,0.025680489780913685
2023-12-15,-0.0016479628244740838,0.0011100485809657937
2023-12-18,0.005609375008481323,-0.007999763417958461
2023-12-19,0.006062522284257109,0.005374061827816862
2023-12-20,-0.013954285594628336,0.006752257830033395
2023-12-21,0.009437305870040623,-0.006347719259128817
2023-12-22,0.00200767435238589,-0.0045590265790889355
2023-12-26,0.004213639794742887,0.0028391733200406415
2023-12-27,0.0018065092302166912,0.017564379913953137
2023-12-28,0.0003776786704148771,-0.007289434105430523
2023-12-29,-0.002899297993634728,-0.009060728412009778
2024-01-02,-0.005612059473188315,-0.005781109525615268
2024-01-03,-0.008200178287370068,0.0041616570714728155
2024-01-04,-0.0032263911921243007,-0.015311011431428632
2024-01-05,0.0013687859011086443,-0.009612275337682098
2024-01-08,0.014175030912091297,0.009817655610387535
2024-01-09,-0.001518100981551699,-0.006396101768118746
2024-01-10,0.005639333545542636,-0.004668365526008214
2024-01-11,-0.00044060608760352075,0.005599137411597032
2024-01-12,0.0006924250677001808,-0.001966667591077947
2024-01-16,-0.0036781399549814025,-0.01776950766735796
2024-01-17,-0.00557405298014933,-0.0015834238662450174
2024-01-18,0.008853504951880269,-0.009338942268829578
2024-01-19,0.0123892102274341,0.003193546282430102
2024-01-22,0.002112062163051583,0.0059343520420252075
2024-01-23,0.0029121472005225668,-0.007955661424561486
2024-01-24,0.0010925623153185697,-0.005874263426612419
2024-01-25,0.005424216530895471,0.006512934151217861
2024-01-26,-0.001271218834265447,-0.0019174141092878666
2024-01-29,0.007888020470070822,0.01145042184792593
2024-01-30,-0.0007737129051558538,0.009025140525805771
2024-01-31,-0.016451854880210493,0.009772668630161317
2024-02-01,0.013003376565297105,0.019426051453476374
2024-02-02,0.01047223476675787,-0.022336552004729445
2024-02-05,-0.003647760405931553,-0.02040007913031717
2024-02-06,0.0028990649005153656,0.009726262469506412
2024-02-07,0.00830575234818556,-0.004851568537862011
2024-02-08,0.00044157799915437476,-0.005831526160674614
2024-02-09,0.005762897919605217,-0.0020223249519566275
2024-02-12,-0.00043903999167498606,0.001171341296662027
2024-02-13,-0.013868882072496036,-0.01728340970622042
2024-02-14,0.009046623516724646,0.005076584217457601
2024-02-15,0.00687606786544138,0.005157931011814311
2024-02-16,-0.004992440290970576,-0.00580478104947489
2024-02-20,-0.005520538135310381,0.0008620768546835755
2024-02-21,0.0009053425072407279,-0.007134414309731909
2024-02-22,0.020484160427388116,0.00486971933810512
2024-02-23,0.0006895334046718135,0.01329808163121485
2024-02-26,-0.003669338597942372,-0.0029875097186827936
2024-02-27,0.0018560929803477387,-0.007076861237700407
2024-02-28,-0.0013224375998726239,0.006328697690534674
2024-02-29,0.0035884813591458256,0.00703254757529817
2024-03-01,0.009344331412177699,0.006211803052017377
2024-03-04,-0.0010728543494183983,-0.004030686620446721
2024-03-05,-0.010044377149471003,0.014141295133614687
2024-03-06,0.005054369828885397,0.005850924863746886
2024-03-07,0.009877487790126874,-0.0009380076648591489
2024-03-08,-0.006020335772983723,-0.0017739381051513471
2024-03-11,-0.0008602095320870913,-0.0005226804494901299
2024-03-12,0.010699979224978095,-0.008396520588771774
2024-03-13,-0.0015687028203792248,-0.004859952937572827
2024-03-14,-0.001978753081546536,-0.015475913670507647
2024-03-15,-0.006890346974718965,-0.0003227265069879316
2024-03-18,0.005925517308038725,-0.0030172361442584927
2024-03-19,0.005541871323452053,0.0028019385437289632
2024-03-20,0.009206839270222924,-0.00032298896395033786
2024-03-21,0.003299124136652209,0.0021508785827260555
2024-03-22,-0.0018975608196115247,0.009515012353173778
2024-03-25,-0.002766586689553554,-0.005013540225337772
2024-03-26,-0.001848632490484997,0.0027766808142600254
2024-03-27,0.008368551120487665,0.009868973376355594
2024-03-28,-0.0001910603887150894,-0.0008450159998165963
2024-04-01,-0.001741367988611168,-0.018816920125927717
2024-04-02,-0.006378498377040008,-0.005525716266966377
2024-04-03,0.0010980738272034522,-0.00021740045655797767
2024-04-04,-0.01228131570968986,0.007146806149429207
2024-04-05,0.010392915750086478,-0.014016843517632117
2024-04-08,0.0005589673401542111,-0.00010933258849407613
2024-04-09,0.0011560789714510928,0.009258696410876578
2024-04-10,-0.010063468717496343,-0.02203410909441935
2024-04-11,0.0075184729017876255,-0.004555067161901662
2024-04-12,-0.01389921423126161,0.005330523454986479
2024-04-15,-0.012607169752829874,-0.015627132213882042
2024-04-16,-0.0018254525639265675,-0.0066593522038364845
2024-04-17,-0.005935862856183821,0.011037107278212232
2024-04-18,-0.0020599724589420746,-0.0050529458885819846
2024-04-19,-0.008766632006213073,0.0035958532976302668
2024-04-22,0.009167038133314822,-0.0016836261593880298
2024-04-23,0.011796749105500264,0.00033682287003247377
2024-04-24,-0.0004747837885066516,-0.0071012116795293794
2024-04-25,-0.00380603580609044,-0.007038451414479984
2024-04-26,0.009429306388799727,0.005226748010305995
2024-04-29,0.003535097026286542,0.00835108044161428
2024-04-30,-0.015967974597117143,-0.008577937316387686
2024-05-01,-0.0032524094286228377,0.007344135769557305
2024-05-02,0.009309880972971276,0.004281512414956814
2024-05-03,0.012319294145755165,0.010068288478209916
2024-05-06,0.010273759251253057,0.0038883324801702243
2024-05-07,0.0011028361326547256,0.0060797756566949275
2024-05-08,9.663019532340109e-05,-0.006079775656694879
2024-05-09,0.00574543098258157,0.004866647541967532
2024-05-10,0.0012872426596228213,-0.005642887395180857
2024-05-13,0.00013424688668993673,0.0025486961218355924
2024-05-14,0.004577772155431584,0.005628834396174301
2024-05-15,0.012306917443278758,0.0135551593275665
2024-05-16,-0.0020597096674934215,-0.0009777795436691765
2024-05-17,0.0014366954169054797,-0.006761242186700803
2024-05-20,0.0011514244277720464,-0.002958697382270905
2024-05-21,0.0024492042288454855,0.005144880468073946
2024-05-22,-0.002883230762338955,0.0012002415861350675
2024-05-23,-0.00733095496587038,-0.006455024838881262
2024-05-24,0.006594479082538437,0.002959290896593187
2024-05-28,0.0006986999579951777,-0.014439457739506051
2024-05-29,-0.007027079435096304,-0.012175574043836878
2024-05-30,-0.0066560489259306676,0.009618580311529712
2024-05-31,0.009066917569745037,0.00676696937461603
2024-06-03,0.0008150913718143346,0.016045222977096485
2024-06-04,0.0011172626847902548,0.011613320643376796
2024-06-05,0.011815172013788629,0.0073111420595077916
2024-06-06,-1.9008346238893186e-05,-0.0015007842217285457
2024-06-07,-0.0012161187269266122,-0.018516076990766055
2024-06-10,0.003085020199053325,-0.006689004909535932
2024-06-11,0.002405167523772384,0.010289151692753826
2024-06-12,0.008179578546675037,0.007485731369088167
2024-06-13,0.0020114376336809923,0.014592492658781523
2024-06-14,0.0006082030144555557,0.008379736750988699
2024-06-17,0.007927409275244882,-0.009978683132112354
2024-06-18,0.002537515169430962,0.009133363646874955
2024-06-20,-0.0027203318599642646,-0.00668270745884321
2024-06-21,-0.0013414877010538282,0.0
2024-06-24,-0.003256086025164259,0.004036068999583669
2024-06-25,0.0038437287936214427,0.0016948315078796502
2024-06-26,0.0012471682408116101,-0.014389000254346881
2024-06-27,0.001575317637580552,0.003964213400032328
2024-06-28,-0.003943071137867302,-0.01878072956279408
2024-07-01,0.0020562211964028246,-0.017409561978090217
2024-07-02,0.006706988410993916,0.0077554059170840545
2024-07-03,0.004452888263685082,0.013047802337205944
2024-07-05,0.0057497556749030706,0.008244662380687346
2024-07-08,0.0011533816753576437,0.002158540573553892
2024-07-09,0.0009720447583746054,-0.004429730082642067
2024-07-10,0.009846553230590796,0.003135024448593366
2024-07-11,-0.008660102895753388,0.009668243736155937
2024-07-12,0.00628797784790747,0.004266914671330085
2024-07-15,0.002746291245542725,-0.011562971010440036
2024-07-16,0.005912465145621631,0.014008618774912421
2024-07-17,-0.014120280760694888,0.00021220615583725878
2024-07-18,-0.007714655129054446,-0.007673330190084512
2024-07-19,-0.006662771211276472,-0.005901772600984966
2024-07-22,0.010257360774953178,-0.0029099167726630154
2024-07-23,-0.001569850849057069,-0.001404113081228541
2024-07-24,-0.022923337048273065,-0.010867339780516086
2024-07-25,-0.00522406203758237,0.008161534517656607
2024-07-26,0.011137545509249756,0.00777308836970664
2024-07-29,0.0005876041935416669,0.005362488562600348
2024-07-30,-0.005079461837254913,0.003842944224729161
2024-07-31,0.0161238870476486,0.010177289706033361
2024-08-01,-0.014262044959268121,0.008587898463406874
2024-08-02,-0.01879411907946351,0.030685645957214534
2024-08-05,-0.02955596532726059,0.005277368826023032
2024-08-06,0.009177340154368406,-0.022622456592714425
2024-08-07,-0.006706380575804335,-0.007065051036216309
2024-08-08,0.022853986752044243,-0.006170548058063129
2024-08-09,0.004400111854689426,0.00981307858020746
2024-08-12,0.0005250551317752229,0.003629478464580882
2024-08-13,0.01631185749298014,0.0069110390143116394
2024-08-14,0.0031499921813696744,0.006250934206099423
2024-08-15,0.01699484732881255,-0.008103000145453131
2024-08-16,0.0022395440477001815,0.003495555273896519
2024-08-19,0.009516033010638626,0.004607444871556475
2024-08-20,-0.0016274510802483976,0.00793673029086651
2024-08-21,0.0034306459558253797,0.0006080744471121285
2024-08-22,-0.007879448225536814,-0.009975940060161519
2024-08-23,0.010569368994362843,0.006525807471823219
2024-08-26,-0.002386767277454364,-0.0025438024910833415
2024-08-27,0.0013721851734347333,-0.0017337011444619813
2024-08-28,-0.005822070356508212,-0.0012257961881153615
2024-08-29,8.938571371778869e-05,-0.003275628374297023
2024-08-30,0.00950075888805696,-0.01072044391782227
2024-09-03,-0.02079365581806176,0.01622290214361096
2024-09-04,-0.002048915717016368,0.012807582543069983
2024-09-05,-0.0024351460321275706,0.0056399820101594896
2024-09-06,-0.016973468693549775,-0.00010063989123820175
2024-09-09,0.011134087201075503,0.004309990533717205
2024-09-10,0.004346292606158394,0.006976153206604595
2024-09-11,0.010206600133194934,-0.0007946736572111017
2024-09-12,0.008387934951579508,-0.00468249295396878
2024-09-13,0.005209152117009635,0.0026925587033417584
2024-09-16,0.0014758816086318557,0.009121039500303027
2024-09-17,0.00040858745176054414,-0.004847697744277079
2024-09-18,-0.002970227416725006,-0.012473312858065674
2024-09-19,0.01692043689726468,-0.0033190493719345
2024-09-20,-0.0017301039550617291,-0.0038357606762675434
2024-09-23,0.0024956623114351256,-0.002126169251768841
2024-09-24,0.002857284441057367,-0.00020247083285183175
2024-09-25,-0.002208063784737316,-0.00834695914873892
2024-09-26,0.003956980151877201,0.002348218003386138
2024-09-27,-0.0014514714471534087,0.005187299894546882
2024-09-30,0.003999257851016601,-0.004779634023971702
2024-10-01,-0.00899869817089367,0.007194156650452814
2024-10-02,0.0004218238562318381,-0.008462849994945188
2024-10-03,-0.001829771818537629,-0.00946535357510419
2024-10-04,0.009046248361822076,-0.012377105662998749
2024-10-07,-0.009081603418804821,-0.007563866351374601
2024-10-08,0.00941309330669568,0.0016855559787177547
2024-10-09,0.006902744089887869,-0.005700867846399758
2024-10-10,-0.0017516588661130083,-0.003925072858446384
2024-10-11,0.005970232281506216,-0.004047300808624198
2024-10-14,0.008145150605481091,0.0007467443284011174
2024-10-15,-0.0078000153497064136,0.012084201634443233
2024-10-16,0.0043371029936550105,0.004205668684021086
2024-10-17,8.565249892688658e-05,-0.01596986044919203
2024-10-18,0.003839263853757729,0.0007459484573636761
2024-10-21,-0.0016435335696167444,-0.017625414277037132
2024-10-22,-0.000531273100721333,0.0009753032926902458
2024-10-23,-0.009179395509116874,-0.0027116057447544775
2024-10-24,0.0021603971195919584,0.006387775344291001
2024-10-25,-0.0003454570533297278,-0.005627728330135846
2024-10-28,0.003086584440748128,-0.002716822315154068
2024-10-29,0.0016170504622095147,0.0015222282246015197
2024-10-30,-0.0030297780102674695,0.0029295785162095273
2024-10-31,-0.01979766206892241,0.0016236879010231753
2024-11-01,0.0042114069729401885,-0.014198505523301864
2024-11-04,-0.0021562228164585034,0.015402643622830624
2024-11-05,0.012019418467132724,0.005297444539423814
2024-11-06,0.024561534377595274,-0.027770371590485385
2024-11-07,0.007702228673557362,0.012449733470366538
2024-11-08,0.004322551935331229,0.012621481956457719
2024-11-11,0.0009522630994729253,-0.004877352844876756
2024-11-12,-0.003111203512052507,-0.015106927239837038
2024-11-13,0.00048578166009305814,-0.009531427538496232
2024-11-14,-0.006451112827569436,0.0057739614779566935
2024-11-15,-0.01289133652374134,-0.002660886639568608
2024-11-18,0.004089063467227235,0.0017747998549096206
2024-11-19,0.003648764650949344,0.00508450909086734
2024-11-20,0.00033886855692832874,-0.003202478975860232
2024-11-21,0.005353842362931889,-0.0007745664747186248
2024-11-22,0.0030948109520924456,0.000553361042748293
2024-11-25,0.003386121583544517,0.025558476441689106
2024-11-26,0.0052079847398758036,-0.0038898119490966597
2024-11-27,-0.00303476291595765,0.006904756735344097
2024-11-29,0.006193002372613015,0.010268472517225598
2024-12-02,0.0017908113514091117,0.002399871661539149
2024-12-03,0.0004635410007118311,-0.008666574747598082
2024-12-04,0.00619041988224006,0.01068867068605223
2024-12-05,-0.001646960376887129,0.0020178455568463064
2024-12-06,0.0018938878792284385,0.0014842949085555124
2024-12-09,-0.0051630760269859065,-0.009259900951321473
2024-12-10,-0.0031138967219160475,-0.004715676408903308
2024-12-11,0.007700849698374529,-0.009499375477016271
2024-12-12,-0.005165854097293539,-0.012221947668993255
2024-12-13,-0.00019851067839354023,-0.010263282426671978
2024-12-16,0.0042609532118918865,0.002990592339020741
2024-12-17,-0.004128676736639517,0.0024301999211830544
2024-12-18,-0.0302566584899349,-0.01258330807656296
2024-12-19,-0.0003071615056291644,-0.015256972330071413
2024-12-20,0.011939495834997458,0.005677910551405324
2024-12-23,0.00597045114423605,-0.009214505263281837
2024-12-24,0.011053589210689947,0.0042197248095835055
2024-12-26,6.664834952050206e-05,-0.000569151927307081
2024-12-27,-0.01058239336810517,-0.008232495457658546
2024-12-30,-0.01147717199702405,0.00800461688681877
2024-12-31,-0.003644644155416265,-0.005367549446903224
2025-01-02,-0.002460013124483164,0.002744526205946541
2025-01-03,0.01242590647447568,-0.0032025282989665274
2025-01-06,0.00574399174339708,-0.0044779693654959886
2025-01-07,-0.011368410146461307,-0.011341457906956922
2025-01-08,0.0014599851982298052,0.0012795730336101004
2025-01-10,-0.015385234727999806,-0.006647859489423238
2025-01-13,0.0015492721229021598,-0.00035095254410261656
2025-01-14,0.0013749536471496686,-0.001640094239863587
2025-01-15,0.01802651362769016,0.017088463098455187
2025-01-16,-0.0019248922800840455,0.0032219691239563715
2025-01-17,0.009989785555294868,0.0017222216950283436
2025-01-21,0.009111816024503819,0.00890593101952991
2025-01-22,0.005605776019599255,-0.005242767367189686
2025-01-23,0.005443283732291646,-0.007800957273401318
2025-01-24,-0.0029236991867382274,0.004481480309756039
2025-01-27,-0.014246132112360217,0.011740147334546813
2025-01-28,0.008555523306683929,-0.0006800972812956409
2025-01-29,-0.00449294430011217,-0.0020431619954109827
2025-01-30,0.005352782250005734,0.0037424936323685832
2025-01-31,-0.005336159520700869,-0.006587050819478232
2025-02-03,-0.0067523299557533676,0.008108958274551431
2025-02-04,0.006685734765163611,0.003057806444712919
2025-02-05,0.0040464452088837585,0.016375521992403223
2025-02-06,0.0034696265774842804,-0.0004450525223499828
2025-02-07,-0.009195654087118874,-0.006476197624635751
2025-02-10,0.006768241346454524,-0.003029168159822432
2025-02-11,0.0007603154501593059,-0.006425103685595126
2025-02-12,-0.0032268969910777814,-0.01366262337534758
2025-02-13,0.010502232615151727,0.016485845020409787
2025-02-14,-4.9120776097904175e-05,0.005285836451633756
2025-02-18,0.00293147178950035,-0.011847758895429107
2025-02-19,0.0023522240866003315,0.0012478173488097524
2025-02-20,-0.004168995176016067,0.0037343162379980034
2025-02-21,-0.017251999983615967,0.012012376775876035
2025-02-24,-0.004560822524327929,0.002897166747913321
2025-02-25,-0.004985668410195072,0.017100089667599815
2025-02-26,0.000504703582036532,0.005889528962397998
2025-02-27,-0.0160907398245066,-0.007093418752526785
2025-02-28,0.015485127308540226,0.012191201097845055
2025-03-03,-0.017675254546568674,0.004656005017793269
2025-03-04,-0.011907532471571593,-0.012391325214461436
2025-03-05,0.01069062567016327,-0.008016399519893762
2025-03-06,-0.017910704538314174,-0.0033131451377235626
2025-03-07,0.005589152734225563,-0.003213204351149553
2025-03-10,-0.02699664992249877,0.010377804771791708
2025-03-11,-0.00834764493929809,-0.00716460042064218
2025-03-12,0.0052926211206377385,-0.0059912882566175675
2025-03-13,-0.01342022363801497,0.00875314979971259
2025-03-14,0.02044535159946333,-0.005309247853114101
2025-03-17,0.007681809017944709,0.0049783317588080285
2025-03-18,-0.010867351228382869,0.0009924199476081363
2025-03-19,0.01083207313958942,0.005167998496687762
2025-03-20,-0.0028959546907212294,0.0006578336110916557
2025-03-21,0.0003298408916107465,-0.005936052366453138
2025-03-24,0.017749998419641685,-0.010306509988719317
2025-03-25,0.002400884897864291,-0.0001113744583715904
2025-03-26,-0.012009968551490058,-0.006594921499102005
2025-03-27,-0.0026593062739991595,-0.002919849748780715
2025-03-28,-0.020343802390390308,0.0137391828252508
2025-03-31,0.0066903406390715955,0.009825211843160242
2025-04-01,0.0028204990358717294,0.008628200049089712
2025-04-02,0.006308488602345241,-0.0006561007774308036
2025-04-03,-0.0505365649167312,0.0045832618682315135
2025-04-04,-0.060326622837697116,0.010828538194846311
2025-04-07,-0.0017828041094353998,-0.030620323339513165
2025-04-08,-0.015786674208856086,-0.019058788192255847
2025-04-09,0.0998628357094885,0.0058684873186121275
2025-04-10,-0.04480822473463276,-0.027955593936708538
2025-04-11,0.017685503639698768,0.005423813383296822
2025-04-14,0.009654777411100705,0.007110223849770058
2025-04-15,-0.0028047622235626134,0.003536063496110735
2025-04-16,-0.022478839501036355,0.005564105995893428
2025-04-17,0.0014257714243309462,-0.00887189410077173
2025-04-21,-0.02409052855085906,-0.01763407228979667
2025-04-22,0.025685001570350887,0.005565883101173417
2025-04-23,0.015376596083813428,0.009666391314702278
2025-04-24,0.02083059814689945,0.010480712645624633
2025-04-25,0.00719931635063967,0.007339237699974981
2025-04-28,0.00038130893611947156,0.00628009382450023
2025-04-29,0.00627952597307851,0.0083496222949291
2025-04-30,0.000396763908639902,-0.008125944535267087
2025-05-01,0.007061937400249664,-0.005083300678302904
2025-05-02,0.014735063297608299,-0.010883251750212519
2025-05-05,-0.005750933015668759,-0.005601120761936153
2025-05-06,-0.008393298928914135,0.0033185592622717365
2025-05-07,0.004196623336038943,0.004218288662209785
2025-05-08,0.006943740031944981,-0.01121167287738544
2025-05-09,-0.001275162301868914,0.001494625445687299
2025-05-12,0.03251317934842429,-0.009348655012539257
2025-05-13,0.006582196721572549,-0.004066688317102894
2025-05-14,0.0012772248112518918,-0.006658559117808825
2025-05-15,0.004872456494125475,0.008752132123989597
2025-05-16,0.006313951786054576,0.002668687606110516
2025-05-19,0.0010933455928335424,-0.002901080352539673
2025-05-20,-0.003367847285640899,-0.007231093757967555
2025-05-21,-0.01699439088910493,-0.01723795739283569
2025-05-22,0.00039465627266151393,0.005226399553837007
2025-05-23,-0.006849281976691387,0.0016571741486847015
2025-05-27,0.020577531507012605,0.013859738141634924
2025-05-28,-0.0058021839800402215,-0.004325109073307983
2025-05-29,0.003939545970626472,0.009212272424442017
2025-05-30,-0.0011190623803994095,0.0015077919096190041
2025-06-02,0.005617109528593978,-0.00935001194056708
2025-06-03,0.00568633767056446,-0.0017631434798032353
2025-06-04,-0.0002683684423497955,0.01610310626036581
2025-06-05,-0.004844545779068661,0.0006942357559280017
2025-06-06,0.01021656924350796,-0.012805758856692516
2025-06-09,0.0009008884235446322,0.0010539906151421643
2025-06-10,0.005653712790524381,0.005136395279891543
2025-06-11,-0.0028560823067475356,0.0030231225592293287
2025-06-12,0.0039663776285300606,0.01188633113438903
2025-06-13,-0.011243174588052013,-0.009683034541948191
2025-06-16,0.00946939926032261,-0.010128897769970956
2025-06-17,-0.008581871441050588,0.012096119034578605
2025-06-18,-0.00015064898104980205,0.0017324372861058151
2025-06-20,-0.002351290779598664,-0.0018482088646566324
2025-06-23,0.009828971097108652,0.0032321272914257685
2025-06-24,0.010986617591926153,0.0072345172567686335
2025-06-25,0.0005601989757992349,0.0012577178312302198
2025-06-26,0.0077933579784365695,0.0050152902577115625
2025-06-27,0.004956042284317412,-0.0063874978526249244
2025-06-30,0.004769768128973852,0.009792842772667317
2025-07-01,-0.00032364497055568,0.0024763987115704743
2025-07-02,0.004523108356608195,-0.00637378807726645
2025-07-03,0.007850493332774558,-0.006989410764787403
2025-07-07,-0.007480044354768176,-0.009589474128383567
2025-07-08,-0.0005477591008009269,-0.001277787309671091
2025-07-09,0.005978713525982097,0.010407234066925878
2025-07-10,0.002816233535900975,0.0006899617215804545
2025-07-11,-0.003521459087483901,-0.01389068479496519
2025-07-14,0.001906318968075333,-0.0021004092537299517
2025-07-15,-0.004282474576033581,-0.007033184558446981
2025-07-16,0.003337685676673967,0.0014105814081885682
2025-07-17,0.006100992736924632,-0.0002349587682915233
2025-07-18,-0.0007326412728856199,0.001526246119839725
2025-07-21,0.0018943993182298758,0.00887653375588935
2025-07-22,0.0001431116257501564,0.006028391925051233
2025-07-23,0.008471422627178921,-0.005563390989481669
2025-07-24,0.00033106400119798415,-0.0017449603636300972
2025-07-25,0.004215461085308543,0.0062675140251539675
2025-07-28,-0.0002511222460095388,-0.0065003935230560535
2025-07-29,-0.0026410811507953306,0.016745197212454845
2025-07-30,-0.0012601734456689595,-0.0051668820140148225
2025-07-31,-0.0037583191572022816,0.0005753084407431924
2025-08-01,-0.016526212041245922,0.014116485963651212
2025-08-04,0.015085523744947264,0.0027291270351254234
2025-08-05,-0.005082863982803577,0.003061413296430783
2025-08-06,0.007630452932776817,-0.005790540331556333
2025-08-07,-0.0008379248720111037,-0.0017095165694164724
2025-08-08,0.00776725769658214,-0.0043437697124899316
2025-08-11,-0.0019794101966930156,0.0011448436494522444
2025-08-12,0.010589711784880412,-0.005047663456348113
2025-08-13,0.003417338847114407,0.008246589519385868
2025-08-14,9.299349247388215e-05,-0.0074418032805020256
2025-08-15,-0.002344035342162163,-0.007150205283244335
2025-08-18,-0.0002175393804947665,-0.002897801676122828
2025-08-19,-0.005440009910012842,0.005787140678425489
2025-08-20,-0.0026605789014711155,0.0021902848775580087
2025-08-21,-0.004019834952737739,-0.0049638826966219695
2025-08-22,0.015240063286831808,0.007379263581811751
2025-08-25,-0.004410774204539882,-0.002876043159560988
2025-08-26,0.004178261264727741,-0.0005761488167081775
2025-08-27,0.002275900290250719,-0.0011534737864787221
2025-08-28,0.0035351445501909024,0.006556604005628481
2025-08-29,-0.005981563318844179,-0.007133929949509556
2025-09-02,-0.007437784394773553,-0.007469369870328396
2025-09-03,0.005404834795112946,0.010917695635092801
2025-09-04,0.008322753728046323,0.007595001633263077
2025-09-05,-0.00290050077776432,0.015131877002888905
2025-09-08,0.0024536672441945796,0.013236401720130193
2025-09-09,0.0023091052707458,-0.00569925292156329
2025-09-10,0.0028866449516346563,0.005699252921563164
2025-09-11,0.008275973687327689,0.006663661044169929
2025-09-12,-0.00033478437995555023,-0.004326394169318759
2025-09-15,0.005309896321251464,0.0023320743715372684
2025-09-16,-0.001377799744597147,0.0021050226090862686
2025-09-17,-0.001243172160278322,-0.002548840875542192
2025-09-18,0.004661502441776573,-0.010373220916402717
2025-09-19,0.0049406929611880614,-0.0019078771831253741
2025-09-22,0.004719879284541738,-0.003601259309281061
2025-09-23,-0.005458390459715589,0.0069656747791350376
2025-09-24,-0.0031867166788192448,-0.0038138316517124316
2025-09-25,-0.0046241076930603996,0.0
2025-09-26,0.0057127269825062305,-0.00089961289467225
2025-09-29,0.0028064476894812005,0.008177998060051518
2025-09-30,0.003759768927893871,-0.0029049308817303762
2025-10-01,0.003401777095946418,0.002579188596106708
2025-10-02,0.0011511173226373928,0.0029077102013846715
2025-10-03,-1.4818724464876765e-05,-0.0019003343223650154
2025-10-06,0.0035798341068348258,-0.00797533047353357
2025-10-07,-0.0037144018347419444,0.00573520312332709
2025-10-08,0.005945387426084363,0.0007846933075570943
2025-10-09,-0.0029012347560901795,-0.0007846933075569659
2025-10-10,-0.027399789997988915,0.016018257984118784
2025-10-13,0.015227562737463052,-0.0005520303647035238
2025-10-14,-0.001222398043836981,0.0031969990516090142
2025-10-15,0.004429715406320601,-0.002203597736995291
2025-10-16,-0.006833505875304711,0.007472386233747247
2025-10-17,0.005660265291766351,-0.001533882117126061
2025-10-20,0.01034672261457371,0.003830471329815655
2025-10-21,-1.4955189601561524e-05,0.004903310141630219
2025-10-22,-0.005212443466226336,0.000651805480606252
2025-10-23,0.005912453034594508,-0.006866758196332308
2025-10-24,0.008139332824426273,0.00043737726349854413
2025-10-27,0.011728617925521323,0.0033833081896463123
2025-10-28,0.002652480390799007,0.002611499133304268
2025-10-29,0.00048021073542194704,-0.010157847066343713
2025-10-30,-0.011059039567433416,-0.0058354632479093275
2025-10-31,0.0032748926031152723,-0.0029859563079143157
2025-11-03,0.0018749327948009238,-0.0025040764615131533
2025-11-04,-0.011924409215691439,0.002226278636812177
2025-11-05,0.0034594792291670327,-0.010956011093956237
2025-11-06,-0.010787357135266056,0.008952660557417688
2025-11-07,0.0009840815731577298,-0.0021190109128251472
2025-11-10,0.015483862123532437,-0.00022331520699430025
2025-11-11,0.0022865871486387524,0.00456802362090919
2025-11-12,0.0005562521295209495,0.001776998181479467
2025-11-13,-0.01673328636427289,-0.008245303249451297
2025-11-14,-0.0001636093911431959,-0.005722174851748992
2025-11-17,-0.009360146600224117,0.002472394160586186
2025-11-18,-0.008432944988599554,-0.0003367966990035227
2025-11-19,0.0038557148069217236,-0.0020230792675270948
2025-11-20,-0.015359661459324747,0.003930095809535876
2025-11-21,0.00991191898261605,0.003021336000382956
2025-11-24,0.014611281240599336,0.005682095735883552
2025-11-25,0.009361952883328898,0.002552026628149022
2025-11-26,0.00687982426960381,0.004422853403152532
2025-11-28,0.005443557655063362,-0.004755357325574958
2025-12-01,-0.0045758859064223886,-0.012526822966879085
2025-12-02,0.001850490753330355,0.00045045333342361323
2025-12-03,0.0034567863924179596,0.0028110464894601423
2025-12-04,0.000730856697116592,-0.005404144661183493
2025-12-05,0.0018976599322906048,-0.004639313019019427
2025-12-08,-0.0030087410774240343,-0.003294563049090106
2025-12-09,-0.0008634949792658863,0.0010236216530638915
2025-12-10,0.006610321903688149,0.003857442015747922
2025-12-11,0.0023242286648015318,-0.001359715921548784
2025-12-12,-0.010810218055957286,-0.009685091890854532
2025-12-15,-0.0015119558434006672,0.00068683696581909
2025-12-16,-0.002736059397467843,0.005476907177772283
2025-12-17,-0.011064575515952102,-0.0009106500729464525
2025-12-18,0.007522912100961887,0.004772121871947409
2025-12-19,0.009022638461698701,-0.0037393766087854686
2025-12-22,0.006210548734107755,-0.0021725746059539567
2025-12-23,0.004560071413091677,0.001601274380348884
2025-12-24,0.003511449061324125,0.006038858242346948
2025-12-26,-0.00010140918548689622,-0.00329978021512937
